population_group_id,population_group_name,measure_id,measure_name,location_id,location_name,sex_id,sex_name,age_id,age_name,cause_id,cause_name,metric_id,metric_name,year,val,upper,lower
1,All Population,2,DALYs (Disability-Adjusted Life Years),163,India,3,Both,22,All ages,294,All causes,1,Number,1994,538137858.4294084,569438401.0523343,510363355.0453097
1,All Population,2,DALYs (Disability-Adjusted Life Years),163,India,3,Both,22,All ages,294,All causes,2,Percent,1994,1.0,1.0,1.0
1,All Population,2,DALYs (Disability-Adjusted Life Years),163,India,3,Both,22,All ages,294,All causes,3,Rate,1994,58970.8936945445,62400.908778384335,55927.27343845857
1,All Population,2,DALYs (Disability-Adjusted Life Years),163,India,3,Both,22,All ages,294,All causes,1,Number,1995,541105724.1484272,573243812.9202293,512691128.0749413
1,All Population,2,DALYs (Disability-Adjusted Life Years),163,India,3,Both,22,All ages,294,All causes,2,Percent,1995,1.0,1.0,1.0
1,All Population,2,DALYs (Disability-Adjusted Life Years),163,India,3,Both,22,All ages,294,All causes,3,Rate,1995,58107.38032209672,61558.57306271559,55056.0399517111
1,All Population,2,DALYs (Disability-Adjusted Life Years),4857,Kerala,3,Both,22,All ages,294,All causes,1,Number,1994,9176247.043455642,10169063.076895185,8335363.919852827
1,All Population,2,DALYs (Disability-Adjusted Life Years),4857,Kerala,3,Both,22,All ages,294,All causes,2,Percent,1994,1.0,1.0,1.0
1,All Population,2,DALYs (Disability-Adjusted Life Years),4857,Kerala,3,Both,22,All ages,294,All causes,3,Rate,1994,29824.881882890943,33051.75892625611,27091.82121876501
1,All Population,2,DALYs (Disability-Adjusted Life Years),4841,Andhra Pradesh,3,Both,22,All ages,294,All causes,1,Number,1994,26416361.882493023,27996001.70430833,24913642.747636985
1,All Population,2,DALYs (Disability-Adjusted Life Years),4841,Andhra Pradesh,3,Both,22,All ages,294,All causes,2,Percent,1994,1.0,1.0,1.0
1,All Population,2,DALYs (Disability-Adjusted Life Years),4841,Andhra Pradesh,3,Both,22,All ages,294,All causes,3,Rate,1994,60573.23023849825,64195.37499281176,57127.4661115404
1,All Population,2,DALYs (Disability-Adjusted Life Years),163,India,3,Both,22,All ages,294,All causes,1,Number,1996,542632410.4195215,576199390.4644903,516457389.9404
1,All Population,2,DALYs (Disability-Adjusted Life Years),163,India,3,Both,22,All ages,294,All causes,2,Percent,1996,1.0,1.0,1.0
1,All Population,2,DALYs (Disability-Adjusted Life Years),163,India,3,Both,22,All ages,294,All causes,3,Rate,1996,57102.91273216804,60635.27146228591,54348.433122248665
1,All Population,2,DALYs (Disability-Adjusted Life Years),4856,Karnataka,3,Both,22,All ages,294,All causes,1,Number,1994,23652785.183616813,25326735.87984205,22058954.12707788
1,All Population,2,DALYs (Disability-Adjusted Life Years),4856,Karnataka,3,Both,22,All ages,294,All causes,2,Percent,1994,1.0,1.0,1.0
1,All Population,2,DALYs (Disability-Adjusted Life Years),4856,Karnataka,3,Both,22,All ages,294,All causes,3,Rate,1994,48970.860438308395,52436.61744278307,45670.98358972176
1,All Population,2,DALYs (Disability-Adjusted Life Years),4870,Tamil Nadu,3,Both,22,All ages,294,All causes,1,Number,1994,28787318.06470641,31144171.246288694,26719349.378368445
1,All Population,2,DALYs (Disability-Adjusted Life Years),4870,Tamil Nadu,3,Both,22,All ages,294,All causes,2,Percent,1994,1.0,1.0,1.0
1,All Population,2,DALYs (Disability-Adjusted Life Years),4870,Tamil Nadu,3,Both,22,All ages,294,All causes,3,Rate,1994,48471.94542256954,52440.40328758781,44989.90985835178
1,All Population,2,DALYs (Disability-Adjusted Life Years),163,India,3,Both,22,All ages,294,All causes,1,Number,1997,540904512.2670524,574162979.7899771,511658952.81184006
1,All Population,2,DALYs (Disability-Adjusted Life Years),163,India,3,Both,22,All ages,294,All causes,2,Percent,1997,1.0,1.0,1.0
1,All Population,2,DALYs (Disability-Adjusted Life Years),163,India,3,Both,22,All ages,294,All causes,3,Rate,1997,55787.39125481394,59217.577356350645,52771.0853620128
1,All Population,2,DALYs (Disability-Adjusted Life Years),4871,Telangana,3,Both,22,All ages,294,All causes,1,Number,1994,17995950.89918665,19196905.126886915,17011521.18821131
1,All Population,2,DALYs (Disability-Adjusted Life Years),4871,Telangana,3,Both,22,All ages,294,All causes,2,Percent,1994,1.0,1.0,1.0
1,All Population,2,DALYs (Disability-Adjusted Life Years),4871,Telangana,3,Both,22,All ages,294,All causes,3,Rate,1994,62860.75077211621,67055.7435690569,59422.08887195047
1,All Population,2,DALYs (Disability-Adjusted Life Years),4856,Karnataka,3,Both,22,All ages,294,All causes,1,Number,1995,23688815.314630765,25531913.339640897,22031063.3063826
1,All Population,2,DALYs (Disability-Adjusted Life Years),4856,Karnataka,3,Both,22,All ages,294,All causes,2,Percent,1995,1.0,1.0,1.0
1,All Population,2,DALYs (Disability-Adjusted Life Years),4856,Karnataka,3,Both,22,All ages,294,All causes,3,Rate,1995,48174.3840406297,51922.57114505304,44803.12292736722
1,All Population,2,DALYs (Disability-Adjusted Life Years),4841,Andhra Pradesh,3,Both,22,All ages,294,All causes,1,Number,1995,26249904.857792836,28067718.24716292,24738538.568754673
1,All Population,2,DALYs (Disability-Adjusted Life Years),4841,Andhra Pradesh,3,Both,22,All ages,294,All causes,2,Percent,1995,1.0,1.0,1.0
1,All Population,2,DALYs (Disability-Adjusted Life Years),4841,Andhra Pradesh,3,Both,22,All ages,294,All causes,3,Rate,1995,59254.02543053166,63357.38357164582,55842.41167380868
1,All Population,2,DALYs (Disability-Adjusted Life Years),4870,Tamil Nadu,3,Both,22,All ages,294,All causes,1,Number,1995,28732919.586104527,31153164.597117532,26743334.475156877
1,All Population,2,DALYs (Disability-Adjusted Life Years),4870,Tamil Nadu,3,Both,22,All ages,294,All causes,2,Percent,1995,1.0,1.0,1.0
1,All Population,2,DALYs (Disability-Adjusted Life Years),4870,Tamil Nadu,3,Both,22,All ages,294,All causes,3,Rate,1995,47796.27843683544,51822.27739893479,44486.6682299206
1,All Population,2,DALYs (Disability-Adjusted Life Years),163,India,3,Both,22,All ages,294,All causes,1,Number,1998,537848094.0156069,570660974.4230561,507059622.8089653
1,All Population,2,DALYs (Disability-Adjusted Life Years),163,India,3,Both,22,All ages,294,All causes,2,Percent,1998,1.0,1.0,1.0
1,All Population,2,DALYs (Disability-Adjusted Life Years),163,India,3,Both,22,All ages,294,All causes,3,Rate,1998,54378.290925534166,57695.78591483362,51265.47066446877
1,All Population,2,DALYs (Disability-Adjusted Life Years),163,India,3,Both,22,All ages,294,All causes,1,Number,1999,528585763.91889024,564092028.4091337,498659826.6205909
1,All Population,2,DALYs (Disability-Adjusted Life Years),163,India,3,Both,22,All ages,294,All causes,2,Percent,1999,1.0,1.0,1.0
1,All Population,2,DALYs (Disability-Adjusted Life Years),163,India,3,Both,22,All ages,294,All causes,3,Rate,1999,52395.67948570153,55915.21213480792,49429.29271174472
1,All Population,2,DALYs (Disability-Adjusted Life Years),4856,Karnataka,3,Both,22,All ages,294,All causes,1,Number,1996,23854423.48702375,25671526.607098058,22284739.38198403
1,All Population,2,DALYs (Disability-Adjusted Life Years),4856,Karnataka,3,Both,22,All ages,294,All causes,2,Percent,1996,1.0,1.0,1.0
1,All Population,2,DALYs (Disability-Adjusted Life Years),4856,Karnataka,3,Both,22,All ages,294,All causes,3,Rate,1996,47657.343259325826,51287.62622039088,44521.364129782836
1,All Population,2,DALYs (Disability-Adjusted Life Years),163,India,3,Both,22,All ages,294,All causes,1,Number,2000,517843224.55368435,553407747.5303452,488360301.9952009
1,All Population,2,DALYs (Disability-Adjusted Life Years),163,India,3,Both,22,All ages,294,All causes,2,Percent,2000,1.0,1.0,1.0
1,All Population,2,DALYs (Disability-Adjusted Life Years),163,India,3,Both,22,All ages,294,All causes,3,Rate,2000,50331.44912022715,53788.12074169653,47465.874856999326
1,All Population,2,DALYs (Disability-Adjusted Life Years),4856,Karnataka,3,Both,22,All ages,294,All causes,1,Number,1998,23806561.24244068,25657932.695265315,22050593.683934473
1,All Population,2,DALYs (Disability-Adjusted Life Years),4856,Karnataka,3,Both,22,All ages,294,All causes,2,Percent,1998,1.0,1.0,1.0
1,All Population,2,DALYs (Disability-Adjusted Life Years),4856,Karnataka,3,Both,22,All ages,294,All causes,3,Rate,1998,45932.464041372376,49504.506715578136,42544.49398061807
1,All Population,2,DALYs (Disability-Adjusted Life Years),4856,Karnataka,3,Both,22,All ages,294,All causes,1,Number,1997,23839061.065161284,25650577.514322527,22175528.350821752
1,All Population,2,DALYs (Disability-Adjusted Life Years),4856,Karnataka,3,Both,22,All ages,294,All causes,2,Percent,1997,1.0,1.0,1.0
1,All Population,2,DALYs (Disability-Adjusted Life Years),4856,Karnataka,3,Both,22,All ages,294,All causes,3,Rate,1997,46798.87738897198,50355.09698842161,43533.16724551786
1,All Population,2,DALYs (Disability-Adjusted Life Years),4841,Andhra Pradesh,3,Both,22,All ages,294,All causes,1,Number,1996,26148187.72171257,28083120.554468617,24714707.250092685
1,All Population,2,DALYs (Disability-Adjusted Life Years),4841,Andhra Pradesh,3,Both,22,All ages,294,All causes,2,Percent,1996,1.0,1.0,1.0
1,All Population,2,DALYs (Disability-Adjusted Life Years),4841,Andhra Pradesh,3,Both,22,All ages,294,All causes,3,Rate,1996,58155.634233626275,62459.07764186506,54967.460472759885
1,All Population,2,DALYs (Disability-Adjusted Life Years),4871,Telangana,3,Both,22,All ages,294,All causes,1,Number,1997,17866836.513306998,18972828.784117404,16847900.441064354
1,All Population,2,DALYs (Disability-Adjusted Life Years),4871,Telangana,3,Both,22,All ages,294,All causes,2,Percent,1997,1.0,1.0,1.0
1,All Population,2,DALYs (Disability-Adjusted Life Years),4871,Telangana,3,Both,22,All ages,294,All causes,3,Rate,1997,59189.75562188824,62853.717744125606,55814.19570866852
1,All Population,2,DALYs (Disability-Adjusted Life Years),4857,Kerala,3,Both,22,All ages,294,All causes,1,Number,1997,9606269.979449507,10614607.319308832,8724638.909271274
1,All Population,2,DALYs (Disability-Adjusted Life Years),4857,Kerala,3,Both,22,All ages,294,All causes,2,Percent,1997,1.0,1.0,1.0
1,All Population,2,DALYs (Disability-Adjusted Life Years),4857,Kerala,3,Both,22,All ages,294,All causes,3,Rate,1997,30227.65219107336,33400.54556860117,27453.460188641344
1,All Population,2,DALYs (Disability-Adjusted Life Years),163,India,3,Both,22,All ages,294,All causes,1,Number,2001,511715358.32416624,545820540.7166276,482604386.66054034
1,All Population,2,DALYs (Disability-Adjusted Life Years),163,India,3,Both,22,All ages,294,All causes,2,Percent,2001,1.0,1.0,1.0
1,All Population,2,DALYs (Disability-Adjusted Life Years),163,India,3,Both,22,All ages,294,All causes,3,Rate,2001,48777.240411647836,52028.18188482974,46002.352301774394
1,All Population,2,DALYs (Disability-Adjusted Life Years),4856,Karnataka,3,Both,22,All ages,294,All causes,1,Number,2000,23221525.650453046,25259146.747987583,21568408.346302897
1,All Population,2,DALYs (Disability-Adjusted Life Years),4856,Karnataka,3,Both,22,All ages,294,All causes,2,Percent,2000,1.0,1.0,1.0
1,All Population,2,DALYs (Disability-Adjusted Life Years),4856,Karnataka,3,Both,22,All ages,294,All causes,3,Rate,2000,43292.266602441516,47091.03663663621,40210.33322159228
1,All Population,2,DALYs (Disability-Adjusted Life Years),4857,Kerala,3,Both,22,All ages,294,All causes,1,Number,1995,9281407.14977336,10329062.866715252,8453069.056636415
1,All Population,2,DALYs (Disability-Adjusted Life Years),4857,Kerala,3,Both,22,All ages,294,All causes,2,Percent,1995,1.0,1.0,1.0
1,All Population,2,DALYs (Disability-Adjusted Life Years),4857,Kerala,3,Both,22,All ages,294,All causes,3,Rate,1995,29826.443243734968,33193.15728570054,27164.52154125086
1,All Population,2,DALYs (Disability-Adjusted Life Years),4841,Andhra Pradesh,3,Both,22,All ages,294,All causes,1,Number,1997,26085656.98184566,28013403.753338747,24509931.856601633
1,All Population,2,DALYs (Disability-Adjusted Life Years),4841,Andhra Pradesh,3,Both,22,All ages,294,All causes,2,Percent,1997,1.0,1.0,1.0
1,All Population,2,DALYs (Disability-Adjusted Life Years),4841,Andhra Pradesh,3,Both,22,All ages,294,All causes,3,Rate,1997,57221.73738320528,61450.46045414304,53765.21223731447
1,All Population,2,DALYs (Disability-Adjusted Life Years),4857,Kerala,3,Both,22,All ages,294,All causes,1,Number,1998,9755294.683989557,10744529.836318439,8856056.848323809
1,All Population,2,DALYs (Disability-Adjusted Life Years),4857,Kerala,3,Both,22,All ages,294,All causes,2,Percent,1998,1.0,1.0,1.0
1,All Population,2,DALYs (Disability-Adjusted Life Years),4857,Kerala,3,Both,22,All ages,294,All causes,3,Rate,1998,30406.590746184924,33489.969506436086,27603.72750747124
1,All Population,2,DALYs (Disability-Adjusted Life Years),4870,Tamil Nadu,3,Both,22,All ages,294,All causes,1,Number,1998,28964226.075819917,31097002.244870283,26980335.984885406
1,All Population,2,DALYs (Disability-Adjusted Life Years),4870,Tamil Nadu,3,Both,22,All ages,294,All causes,2,Percent,1998,1.0,1.0,1.0
1,All Population,2,DALYs (Disability-Adjusted Life Years),4870,Tamil Nadu,3,Both,22,All ages,294,All causes,3,Rate,1998,46489.40332316747,49912.643124620205,43305.1350349398
1,All Population,2,DALYs (Disability-Adjusted Life Years),4871,Telangana,3,Both,22,All ages,294,All causes,1,Number,1998,17826880.67583732,18818967.235543296,16758608.02517294
1,All Population,2,DALYs (Disability-Adjusted Life Years),4871,Telangana,3,Both,22,All ages,294,All causes,2,Percent,1998,1.0,1.0,1.0
1,All Population,2,DALYs (Disability-Adjusted Life Years),4871,Telangana,3,Both,22,All ages,294,All causes,3,Rate,1998,58070.92642463092,61302.64074768903,54591.036497378554
1,All Population,2,DALYs (Disability-Adjusted Life Years),163,India,3,Both,22,All ages,294,All causes,1,Number,2002,506808209.7849771,542345993.885184,477484800.97445524
1,All Population,2,DALYs (Disability-Adjusted Life Years),163,India,3,Both,22,All ages,294,All causes,2,Percent,2002,1.0,1.0,1.0
1,All Population,2,DALYs (Disability-Adjusted Life Years),163,India,3,Both,22,All ages,294,All causes,3,Rate,2002,47392.449752649416,50715.64502607272,44650.37069434319
1,All Population,2,DALYs (Disability-Adjusted Life Years),4871,Telangana,3,Both,22,All ages,294,All causes,1,Number,1995,17912359.209104065,19186588.41372873,17004785.40738674
1,All Population,2,DALYs (Disability-Adjusted Life Years),4871,Telangana,3,Both,22,All ages,294,All causes,2,Percent,1995,1.0,1.0,1.0
1,All Population,2,DALYs (Disability-Adjusted Life Years),4871,Telangana,3,Both,22,All ages,294,All causes,3,Rate,1995,61460.21231796211,65832.29957591393,58346.179269796325
1,All Population,2,DALYs (Disability-Adjusted Life Years),4857,Kerala,3,Both,22,All ages,294,All causes,1,Number,1996,9457430.995452633,10530369.772710714,8625230.102460444
1,All Population,2,DALYs (Disability-Adjusted Life Years),4857,Kerala,3,Both,22,All ages,294,All causes,2,Percent,1996,1.0,1.0,1.0
1,All Population,2,DALYs (Disability-Adjusted Life Years),4857,Kerala,3,Both,22,All ages,294,All causes,3,Rate,1996,30064.306059043804,33475.08006285236,27418.81571800332
1,All Population,2,DALYs (Disability-Adjusted Life Years),4841,Andhra Pradesh,3,Both,22,All ages,294,All causes,1,Number,1998,25937720.294873595,27770608.782463476,24422924.109922122
1,All Population,2,DALYs (Disability-Adjusted Life Years),4841,Andhra Pradesh,3,Both,22,All ages,294,All causes,2,Percent,1998,1.0,1.0,1.0
1,All Population,2,DALYs (Disability-Adjusted Life Years),4841,Andhra Pradesh,3,Both,22,All ages,294,All causes,3,Rate,1998,56177.423672506055,60147.200196472484,52896.58996422012
1,All Population,2,DALYs (Disability-Adjusted Life Years),4856,Karnataka,3,Both,22,All ages,294,All causes,1,Number,2001,23087039.2590482,25004846.03769293,21555326.677238755
1,All Population,2,DALYs (Disability-Adjusted Life Years),4856,Karnataka,3,Both,22,All ages,294,All causes,2,Percent,2001,1.0,1.0,1.0
1,All Population,2,DALYs (Disability-Adjusted Life Years),4856,Karnataka,3,Both,22,All ages,294,All causes,3,Rate,2001,42325.97143228408,45841.92832977773,39517.849427002315
1,All Population,2,DALYs (Disability-Adjusted Life Years),4870,Tamil Nadu,3,Both,22,All ages,294,All causes,1,Number,1996,28915479.428110026,31321268.862933096,27097568.043428704
1,All Population,2,DALYs (Disability-Adjusted Life Years),4870,Tamil Nadu,3,Both,22,All ages,294,All causes,2,Percent,1996,1.0,1.0,1.0
1,All Population,2,DALYs (Disability-Adjusted Life Years),4870,Tamil Nadu,3,Both,22,All ages,294,All causes,3,Rate,1996,47524.4998837169,51478.573686980446,44536.64247659029
1,All Population,2,DALYs (Disability-Adjusted Life Years),4871,Telangana,3,Both,22,All ages,294,All causes,1,Number,1999,17584644.10849334,18725995.876992643,16546093.81643836
1,All Population,2,DALYs (Disability-Adjusted Life Years),4871,Telangana,3,Both,22,All ages,294,All causes,2,Percent,1999,1.0,1.0,1.0
1,All Population,2,DALYs (Disability-Adjusted Life Years),4871,Telangana,3,Both,22,All ages,294,All causes,3,Rate,1999,56350.93524080828,60008.45820214147,53022.8451247481
1,All Population,2,DALYs (Disability-Adjusted Life Years),4870,Tamil Nadu,3,Both,22,All ages,294,All causes,1,Number,1997,29070296.257583253,31410365.81905898,27187051.736941412
1,All Population,2,DALYs (Disability-Adjusted Life Years),4870,Tamil Nadu,3,Both,22,All ages,294,All causes,2,Percent,1997,1.0,1.0,1.0
1,All Population,2,DALYs (Disability-Adjusted Life Years),4870,Tamil Nadu,3,Both,22,All ages,294,All causes,3,Rate,1997,47216.15743419721,51016.91308672305,44157.37987700188
1,All Population,2,DALYs (Disability-Adjusted Life Years),4856,Karnataka,3,Both,22,All ages,294,All causes,1,Number,1999,23545003.58207523,25587273.224528622,21807627.237230837
1,All Population,2,DALYs (Disability-Adjusted Life Years),4856,Karnataka,3,Both,22,All ages,294,All causes,2,Percent,1999,1.0,1.0,1.0
1,All Population,2,DALYs (Disability-Adjusted Life Years),4856,Karnataka,3,Both,22,All ages,294,All causes,3,Rate,1999,44652.32634567402,48525.423677887455,41357.44914317886
1,All Population,2,DALYs (Disability-Adjusted Life Years),4841,Andhra Pradesh,3,Both,22,All ages,294,All causes,1,Number,1999,25388574.756817818,27203078.21282968,24002788.084419403
1,All Population,2,DALYs (Disability-Adjusted Life Years),4841,Andhra Pradesh,3,Both,22,All ages,294,All causes,2,Percent,1999,1.0,1.0,1.0
1,All Population,2,DALYs (Disability-Adjusted Life Years),4841,Andhra Pradesh,3,Both,22,All ages,294,All causes,3,Rate,1999,54344.27251535695,58228.21918184264,51377.99460120404
1,All Population,2,DALYs (Disability-Adjusted Life Years),4870,Tamil Nadu,3,Both,22,All ages,294,All causes,1,Number,1999,28511444.568842717,30867367.486005455,26479726.87686135
1,All Population,2,DALYs (Disability-Adjusted Life Years),4870,Tamil Nadu,3,Both,22,All ages,294,All causes,2,Percent,1999,1.0,1.0,1.0
1,All Population,2,DALYs (Disability-Adjusted Life Years),4870,Tamil Nadu,3,Both,22,All ages,294,All causes,3,Rate,1999,45209.38940275668,48945.076533856394,41987.78075814831
1,All Population,2,DALYs (Disability-Adjusted Life Years),163,India,3,Both,22,All ages,294,All causes,1,Number,2003,502824200.1134083,540452434.2328477,473216213.81537205
1,All Population,2,DALYs (Disability-Adjusted Life Years),163,India,3,Both,22,All ages,294,All causes,2,Percent,2003,1.0,1.0,1.0
1,All Population,2,DALYs (Disability-Adjusted Life Years),163,India,3,Both,22,All ages,294,All causes,3,Rate,2003,46141.72054430487,49594.6797752314,43424.74027697591
1,All Population,2,DALYs (Disability-Adjusted Life Years),4856,Karnataka,3,Both,22,All ages,294,All causes,1,Number,2002,23030168.58290244,25030419.20797089,21467701.731844425
1,All Population,2,DALYs (Disability-Adjusted Life Years),4856,Karnataka,3,Both,22,All ages,294,All causes,2,Percent,2002,1.0,1.0,1.0
1,All Population,2,DALYs (Disability-Adjusted Life Years),4856,Karnataka,3,Both,22,All ages,294,All causes,3,Rate,2002,41547.39864538126,45155.935413630934,38728.64233027141
1,All Population,2,DALYs (Disability-Adjusted Life Years),4871,Telangana,3,Both,22,All ages,294,All causes,1,Number,1996,17905193.636727985,19016665.067555796,16987880.33411582
1,All Population,2,DALYs (Disability-Adjusted Life Years),4871,Telangana,3,Both,22,All ages,294,All causes,2,Percent,1996,1.0,1.0,1.0
1,All Population,2,DALYs (Disability-Adjusted Life Years),4871,Telangana,3,Both,22,All ages,294,All causes,3,Rate,1996,60356.39296259304,64103.03808728651,57264.233040418025
1,All Population,2,DALYs (Disability-Adjusted Life Years),4857,Kerala,3,Both,22,All ages,294,All causes,1,Number,1999,9712924.224962065,10734098.966234926,8847808.629985822
1,All Population,2,DALYs (Disability-Adjusted Life Years),4857,Kerala,3,Both,22,All ages,294,All causes,2,Percent,1999,1.0,1.0,1.0
1,All Population,2,DALYs (Disability-Adjusted Life Years),4857,Kerala,3,Both,22,All ages,294,All causes,3,Rate,1999,30008.912767372793,33163.91974790147,27336.06390928983
1,All Population,2,DALYs (Disability-Adjusted Life Years),4856,Karnataka,3,Both,22,All ages,294,All causes,1,Number,2003,22904427.096458107,24925160.426802427,21221562.611735214
1,All Population,2,DALYs (Disability-Adjusted Life Years),4856,Karnataka,3,Both,22,All ages,294,All causes,2,Percent,2003,1.0,1.0,1.0
1,All Population,2,DALYs (Disability-Adjusted Life Years),4856,Karnataka,3,Both,22,All ages,294,All causes,3,Rate,2003,40692.35053861541,44282.41584246012,37702.54812037811
1,All Population,2,DALYs (Disability-Adjusted Life Years),163,India,3,Both,22,All ages,294,All causes,1,Number,2004,497744163.0041888,534875511.62402886,466367748.78083897
1,All Population,2,DALYs (Disability-Adjusted Life Years),163,India,3,Both,22,All ages,294,All causes,2,Percent,2004,1.0,1.0,1.0
1,All Population,2,DALYs (Disability-Adjusted Life Years),163,India,3,Both,22,All ages,294,All causes,3,Rate,2004,44833.95596935001,48178.536122850426,42007.74749052969
1,All Population,2,DALYs (Disability-Adjusted Life Years),4841,Andhra Pradesh,3,Both,22,All ages,294,All causes,1,Number,2000,24778426.44266362,26550889.60171033,23348203.38161172
1,All Population,2,DALYs (Disability-Adjusted Life Years),4841,Andhra Pradesh,3,Both,22,All ages,294,All causes,2,Percent,2000,1.0,1.0,1.0
1,All Population,2,DALYs (Disability-Adjusted Life Years),4841,Andhra Pradesh,3,Both,22,All ages,294,All causes,3,Rate,2000,52458.82722485965,56211.33906567471,49430.87770488736
1,All Population,2,DALYs (Disability-Adjusted Life Years),4870,Tamil Nadu,3,Both,22,All ages,294,All causes,1,Number,2000,28113110.0597074,30489012.08213497,26146239.440190718
1,All Population,2,DALYs (Disability-Adjusted Life Years),4870,Tamil Nadu,3,Both,22,All ages,294,All causes,2,Percent,2000,1.0,1.0,1.0
1,All Population,2,DALYs (Disability-Adjusted Life Years),4870,Tamil Nadu,3,Both,22,All ages,294,All causes,3,Rate,2000,44019.50342492816,47739.690447688045,40939.77771018784
1,All Population,2,DALYs (Disability-Adjusted Life Years),4871,Telangana,3,Both,22,All ages,294,All causes,1,Number,2000,17364534.329739183,18463263.418110188,16264358.528504375
1,All Population,2,DALYs (Disability-Adjusted Life Years),4871,Telangana,3,Both,22,All ages,294,All causes,2,Percent,2000,1.0,1.0,1.0
1,All Population,2,DALYs (Disability-Adjusted Life Years),4871,Telangana,3,Both,22,All ages,294,All causes,3,Rate,2000,54768.48811832595,58233.926918987956,51298.48632306883
1,All Population,2,DALYs (Disability-Adjusted Life Years),4841,Andhra Pradesh,3,Both,22,All ages,294,All causes,1,Number,2001,24413950.33613584,26219311.780834373,22957980.56074756
1,All Population,2,DALYs (Disability-Adjusted Life Years),4841,Andhra Pradesh,3,Both,22,All ages,294,All causes,2,Percent,2001,1.0,1.0,1.0
1,All Population,2,DALYs (Disability-Adjusted Life Years),4841,Andhra Pradesh,3,Both,22,All ages,294,All causes,3,Rate,2001,51164.60794204992,54948.125530966056,48113.31465654859
1,All Population,2,DALYs (Disability-Adjusted Life Years),163,India,3,Both,22,All ages,294,All causes,1,Number,2005,493936746.32058084,533216814.7120219,462610939.70213383
1,All Population,2,DALYs (Disability-Adjusted Life Years),163,India,3,Both,22,All ages,294,All causes,2,Percent,2005,1.0,1.0,1.0
1,All Population,2,DALYs (Disability-Adjusted Life Years),163,India,3,Both,22,All ages,294,All causes,3,Rate,2005,43681.524179304586,47155.27516055241,40911.21200991641
1,All Population,2,DALYs (Disability-Adjusted Life Years),4871,Telangana,3,Both,22,All ages,294,All causes,1,Number,2001,17299711.81067228,18471612.61573761,16173719.049531491
1,All Population,2,DALYs (Disability-Adjusted Life Years),4871,Telangana,3,Both,22,All ages,294,All causes,2,Percent,2001,1.0,1.0,1.0
1,All Population,2,DALYs (Disability-Adjusted Life Years),4871,Telangana,3,Both,22,All ages,294,All causes,3,Rate,2001,53737.15889817514,57377.37097013842,50239.548499469536
1,All Population,2,DALYs (Disability-Adjusted Life Years),4857,Kerala,3,Both,22,All ages,294,All causes,1,Number,2000,9679950.025462763,10676027.069130108,8814801.17604744
1,All Population,2,DALYs (Disability-Adjusted Life Years),4857,Kerala,3,Both,22,All ages,294,All causes,2,Percent,2000,1.0,1.0,1.0
1,All Population,2,DALYs (Disability-Adjusted Life Years),4857,Kerala,3,Both,22,All ages,294,All causes,3,Rate,2000,29665.138032324416,32717.711951972196,27013.8061588228
1,All Population,2,DALYs (Disability-Adjusted Life Years),4870,Tamil Nadu,3,Both,22,All ages,294,All causes,1,Number,2001,27932876.699449856,30326461.425688997,25877390.700183228
1,All Population,2,DALYs (Disability-Adjusted Life Years),4870,Tamil Nadu,3,Both,22,All ages,294,All causes,2,Percent,2001,1.0,1.0,1.0
1,All Population,2,DALYs (Disability-Adjusted Life Years),4870,Tamil Nadu,3,Both,22,All ages,294,All causes,3,Rate,2001,43174.53013490788,46874.18115923298,39997.46236734185
1,All Population,2,DALYs (Disability-Adjusted Life Years),4856,Karnataka,3,Both,22,All ages,294,All causes,1,Number,2004,22746387.11802839,24811722.66951671,21065628.106591117
1,All Population,2,DALYs (Disability-Adjusted Life Years),4856,Karnataka,3,Both,22,All ages,294,All causes,2,Percent,2004,1.0,1.0,1.0
1,All Population,2,DALYs (Disability-Adjusted Life Years),4856,Karnataka,3,Both,22,All ages,294,All causes,3,Rate,2004,39828.94010461232,43445.344131736085,36885.92987404408
1,All Population,2,DALYs (Disability-Adjusted Life Years),163,India,3,Both,22,All ages,294,All causes,1,Number,2006,496729742.09194905,537359445.6822629,466040712.6528753
1,All Population,2,DALYs (Disability-Adjusted Life Years),163,India,3,Both,22,All ages,294,All causes,2,Percent,2006,1.0,1.0,1.0
1,All Population,2,DALYs (Disability-Adjusted Life Years),163,India,3,Both,22,All ages,294,All causes,3,Rate,2006,43145.00247084916,46674.02139854902,40479.41162984069
1,All Population,2,DALYs (Disability-Adjusted Life Years),4841,Andhra Pradesh,3,Both,22,All ages,294,All causes,1,Number,2002,24173651.99058458,25844433.329564642,22758827.892760094
1,All Population,2,DALYs (Disability-Adjusted Life Years),4841,Andhra Pradesh,3,Both,22,All ages,294,All causes,2,Percent,2002,1.0,1.0,1.0
1,All Population,2,DALYs (Disability-Adjusted Life Years),4841,Andhra Pradesh,3,Both,22,All ages,294,All causes,3,Rate,2002,50189.68887592671,53658.58946305252,47252.210446451856
1,All Population,2,DALYs (Disability-Adjusted Life Years),4870,Tamil Nadu,3,Both,22,All ages,294,All causes,1,Number,2002,27836168.235688314,30334998.69603476,25635844.28736601
1,All Population,2,DALYs (Disability-Adjusted Life Years),4870,Tamil Nadu,3,Both,22,All ages,294,All causes,2,Percent,2002,1.0,1.0,1.0
1,All Population,2,DALYs (Disability-Adjusted Life Years),4870,Tamil Nadu,3,Both,22,All ages,294,All causes,3,Rate,2002,42460.32195296013,46271.950944199794,39104.024403113006
1,All Population,2,DALYs (Disability-Adjusted Life Years),163,India,3,Both,22,All ages,294,All causes,1,Number,2007,501163842.2184429,540934621.1977502,469641013.95759654
1,All Population,2,DALYs (Disability-Adjusted Life Years),163,India,3,Both,22,All ages,294,All causes,2,Percent,2007,1.0,1.0,1.0
1,All Population,2,DALYs (Disability-Adjusted Life Years),163,India,3,Both,22,All ages,294,All causes,3,Rate,2007,42775.23630968889,46169.74390530821,40084.70615883311
1,All Population,2,DALYs (Disability-Adjusted Life Years),4857,Kerala,3,Both,22,All ages,294,All causes,1,Number,2001,9669562.938401323,10680120.33578581,8747406.24165805
1,All Population,2,DALYs (Disability-Adjusted Life Years),4857,Kerala,3,Both,22,All ages,294,All causes,2,Percent,2001,1.0,1.0,1.0
1,All Population,2,DALYs (Disability-Adjusted Life Years),4857,Kerala,3,Both,22,All ages,294,All causes,3,Rate,2001,29418.575784107637,32493.0848977596,26613.016025017892
1,All Population,2,DALYs (Disability-Adjusted Life Years),4841,Andhra Pradesh,3,Both,22,All ages,294,All causes,1,Number,2003,23834442.005678706,25635753.18673971,22275523.08857462
1,All Population,2,DALYs (Disability-Adjusted Life Years),4841,Andhra Pradesh,3,Both,22,All ages,294,All causes,2,Percent,2003,1.0,1.0,1.0
1,All Population,2,DALYs (Disability-Adjusted Life Years),4841,Andhra Pradesh,3,Both,22,All ages,294,All causes,3,Rate,2003,49062.78451059376,52770.75226129093,45853.77702129976
1,All Population,2,DALYs (Disability-Adjusted Life Years),4857,Kerala,3,Both,22,All ages,294,All causes,1,Number,2002,9636160.115163228,10720727.25729451,8658475.546961289
1,All Population,2,DALYs (Disability-Adjusted Life Years),4857,Kerala,3,Both,22,All ages,294,All causes,2,Percent,2002,1.0,1.0,1.0
1,All Population,2,DALYs (Disability-Adjusted Life Years),4857,Kerala,3,Both,22,All ages,294,All causes,3,Rate,2002,29132.154716728004,32411.03109566339,26176.4070159195
1,All Population,2,DALYs (Disability-Adjusted Life Years),4856,Karnataka,3,Both,22,All ages,294,All causes,1,Number,2006,23183662.496970784,25608366.881601628,21484530.124384277
1,All Population,2,DALYs (Disability-Adjusted Life Years),4856,Karnataka,3,Both,22,All ages,294,All causes,2,Percent,2006,1.0,1.0,1.0
1,All Population,2,DALYs (Disability-Adjusted Life Years),4856,Karnataka,3,Both,22,All ages,294,All causes,3,Rate,2006,39516.87512490275,43649.81746715693,36620.68036719549
1,All Population,2,DALYs (Disability-Adjusted Life Years),4871,Telangana,3,Both,22,All ages,294,All causes,1,Number,2002,17261848.053132184,18576579.825099867,16077333.000171045
1,All Population,2,DALYs (Disability-Adjusted Life Years),4871,Telangana,3,Both,22,All ages,294,All causes,2,Percent,2002,1.0,1.0,1.0
1,All Population,2,DALYs (Disability-Adjusted Life Years),4871,Telangana,3,Both,22,All ages,294,All causes,3,Rate,2002,52845.11799373424,56870.01471428772,49218.86444623375
1,All Population,2,DALYs (Disability-Adjusted Life Years),4856,Karnataka,3,Both,22,All ages,294,All causes,1,Number,2005,22820709.03301748,25044799.841196503,21109101.187433615
1,All Population,2,DALYs (Disability-Adjusted Life Years),4856,Karnataka,3,Both,22,All ages,294,All causes,2,Percent,2005,1.0,1.0,1.0
1,All Population,2,DALYs (Disability-Adjusted Life Years),4856,Karnataka,3,Both,22,All ages,294,All causes,3,Rate,2005,39412.14473581479,43253.225602790626,36456.139466937806
1,All Population,2,DALYs (Disability-Adjusted Life Years),4857,Kerala,3,Both,22,All ages,294,All causes,1,Number,2003,9584279.020799277,10753150.073666885,8647332.53286613
1,All Population,2,DALYs (Disability-Adjusted Life Years),4857,Kerala,3,Both,22,All ages,294,All causes,2,Percent,2003,1.0,1.0,1.0
1,All Population,2,DALYs (Disability-Adjusted Life Years),4857,Kerala,3,Both,22,All ages,294,All causes,3,Rate,2003,28816.734076177574,32331.139930465648,25999.64812450767
1,All Population,2,DALYs (Disability-Adjusted Life Years),4871,Telangana,3,Both,22,All ages,294,All causes,1,Number,2003,17151442.497441724,18509375.410881028,16077800.241116881
1,All Population,2,DALYs (Disability-Adjusted Life Years),4871,Telangana,3,Both,22,All ages,294,All causes,2,Percent,2003,1.0,1.0,1.0
1,All Population,2,DALYs (Disability-Adjusted Life Years),4871,Telangana,3,Both,22,All ages,294,All causes,3,Rate,2003,51783.393512058006,55883.24543005796,48541.8679401572
1,All Population,2,DALYs (Disability-Adjusted Life Years),163,India,3,Both,22,All ages,294,All causes,1,Number,2008,500724068.4671067,542102975.2389809,470018873.5364282
1,All Population,2,DALYs (Disability-Adjusted Life Years),163,India,3,Both,22,All ages,294,All causes,2,Percent,2008,1.0,1.0,1.0
1,All Population,2,DALYs (Disability-Adjusted Life Years),163,India,3,Both,22,All ages,294,All causes,3,Rate,2008,42016.91198866675,45489.11153630107,39440.36823085074
1,All Population,2,DALYs (Disability-Adjusted Life Years),4857,Kerala,3,Both,22,All ages,294,All causes,1,Number,2005,9578975.224647027,10683069.04416838,8664194.624280594
1,All Population,2,DALYs (Disability-Adjusted Life Years),4857,Kerala,3,Both,22,All ages,294,All causes,2,Percent,2005,1.0,1.0,1.0
1,All Population,2,DALYs (Disability-Adjusted Life Years),4857,Kerala,3,Both,22,All ages,294,All causes,3,Rate,2005,28541.60359124643,31831.37179559886,25815.914813866446
1,All Population,2,DALYs (Disability-Adjusted Life Years),4856,Karnataka,3,Both,22,All ages,294,All causes,1,Number,2007,23648525.799987208,26025317.00629378,21970521.625682913
1,All Population,2,DALYs (Disability-Adjusted Life Years),4856,Karnataka,3,Both,22,All ages,294,All causes,2,Percent,2007,1.0,1.0,1.0
1,All Population,2,DALYs (Disability-Adjusted Life Years),4856,Karnataka,3,Both,22,All ages,294,All causes,3,Rate,2007,39810.660794425516,43811.824727168205,36985.85659479566
1,All Population,2,DALYs (Disability-Adjusted Life Years),4871,Telangana,3,Both,22,All ages,294,All causes,1,Number,2004,16954867.28525068,18250827.44267798,15844982.695622645
1,All Population,2,DALYs (Disability-Adjusted Life Years),4871,Telangana,3,Both,22,All ages,294,All causes,2,Percent,2004,1.0,1.0,1.0
1,All Population,2,DALYs (Disability-Adjusted Life Years),4871,Telangana,3,Both,22,All ages,294,All causes,3,Rate,2004,50506.42603097479,54366.929019820476,47200.21885247736
1,All Population,2,DALYs (Disability-Adjusted Life Years),4870,Tamil Nadu,3,Both,22,All ages,294,All causes,1,Number,2003,27625215.99257332,30008403.62875861,25540603.574365262
1,All Population,2,DALYs (Disability-Adjusted Life Years),4870,Tamil Nadu,3,Both,22,All ages,294,All causes,2,Percent,2003,1.0,1.0,1.0
1,All Population,2,DALYs (Disability-Adjusted Life Years),4870,Tamil Nadu,3,Both,22,All ages,294,All causes,3,Rate,2003,41579.16910445539,45166.14419848668,38441.58450503642
1,All Population,2,DALYs (Disability-Adjusted Life Years),4841,Andhra Pradesh,3,Both,22,All ages,294,All causes,1,Number,2004,23347310.79478205,25126003.544964552,21915382.441846173
1,All Population,2,DALYs (Disability-Adjusted Life Years),4841,Andhra Pradesh,3,Both,22,All ages,294,All causes,2,Percent,2004,1.0,1.0,1.0
1,All Population,2,DALYs (Disability-Adjusted Life Years),4841,Andhra Pradesh,3,Both,22,All ages,294,All causes,3,Rate,2004,47676.362632282646,51308.54114373951,44752.29415955402
1,All Population,2,DALYs (Disability-Adjusted Life Years),163,India,3,Both,22,All ages,294,All causes,1,Number,2009,497149500.1798834,538913235.1063541,464381598.83801836
1,All Population,2,DALYs (Disability-Adjusted Life Years),163,India,3,Both,22,All ages,294,All causes,2,Percent,2009,1.0,1.0,1.0
1,All Population,2,DALYs (Disability-Adjusted Life Years),163,India,3,Both,22,All ages,294,All causes,3,Rate,2009,41030.258781429795,44477.0627128269,38325.89023375024
1,All Population,2,DALYs (Disability-Adjusted Life Years),4841,Andhra Pradesh,3,Both,22,All ages,294,All causes,1,Number,2006,23046260.43669028,24856807.82753265,21504446.603190087
1,All Population,2,DALYs (Disability-Adjusted Life Years),4841,Andhra Pradesh,3,Both,22,All ages,294,All causes,2,Percent,2006,1.0,1.0,1.0
1,All Population,2,DALYs (Disability-Adjusted Life Years),4841,Andhra Pradesh,3,Both,22,All ages,294,All causes,3,Rate,2006,46377.26199005678,50020.726443701125,43274.584907474935
1,All Population,2,DALYs (Disability-Adjusted Life Years),4871,Telangana,3,Both,22,All ages,294,All causes,1,Number,2006,17087880.518859565,18365403.701749478,15975368.606268693
1,All Population,2,DALYs (Disability-Adjusted Life Years),4871,Telangana,3,Both,22,All ages,294,All causes,2,Percent,2006,1.0,1.0,1.0
1,All Population,2,DALYs (Disability-Adjusted Life Years),4871,Telangana,3,Both,22,All ages,294,All causes,3,Rate,2006,49623.44892217285,53333.39447938001,46392.69844912085
1,All Population,2,DALYs (Disability-Adjusted Life Years),4841,Andhra Pradesh,3,Both,22,All ages,294,All causes,1,Number,2005,23070766.367420383,24839183.594988205,21525795.92447395
1,All Population,2,DALYs (Disability-Adjusted Life Years),4841,Andhra Pradesh,3,Both,22,All ages,294,All causes,2,Percent,2005,1.0,1.0,1.0
1,All Population,2,DALYs (Disability-Adjusted Life Years),4841,Andhra Pradesh,3,Both,22,All ages,294,All causes,3,Rate,2005,46756.75268685239,50340.744897588964,43625.61262158978
1,All Population,2,DALYs (Disability-Adjusted Life Years),4857,Kerala,3,Both,22,All ages,294,All causes,1,Number,2006,9797119.433828678,10906736.819189114,8853401.644946089
1,All Population,2,DALYs (Disability-Adjusted Life Years),4857,Kerala,3,Both,22,All ages,294,All causes,2,Percent,2006,1.0,1.0,1.0
1,All Population,2,DALYs (Disability-Adjusted Life Years),4857,Kerala,3,Both,22,All ages,294,All causes,3,Rate,2006,29084.34506771897,32378.425041627284,26282.765072314163
1,All Population,2,DALYs (Disability-Adjusted Life Years),4871,Telangana,3,Both,22,All ages,294,All causes,1,Number,2005,16923239.146454,18158614.449825212,15807049.452629397
1,All Population,2,DALYs (Disability-Adjusted Life Years),4871,Telangana,3,Both,22,All ages,294,All causes,2,Percent,2005,1.0,1.0,1.0
1,All Population,2,DALYs (Disability-Adjusted Life Years),4871,Telangana,3,Both,22,All ages,294,All causes,3,Rate,2005,49759.3835109705,53391.756307245145,46477.45204587926
1,All Population,2,DALYs (Disability-Adjusted Life Years),4856,Karnataka,3,Both,22,All ages,294,All causes,1,Number,2008,23815934.017646365,26028049.924310736,21901098.641499676
1,All Population,2,DALYs (Disability-Adjusted Life Years),4856,Karnataka,3,Both,22,All ages,294,All causes,2,Percent,2008,1.0,1.0,1.0
1,All Population,2,DALYs (Disability-Adjusted Life Years),4856,Karnataka,3,Both,22,All ages,294,All causes,3,Rate,2008,39618.394076951474,43298.30348840625,36433.018165662164
1,All Population,2,DALYs (Disability-Adjusted Life Years),4841,Andhra Pradesh,3,Both,22,All ages,294,All causes,1,Number,2007,22979595.418445952,24773252.76944994,21393145.06932734
1,All Population,2,DALYs (Disability-Adjusted Life Years),4841,Andhra Pradesh,3,Both,22,All ages,294,All causes,2,Percent,2007,1.0,1.0,1.0
1,All Population,2,DALYs (Disability-Adjusted Life Years),4841,Andhra Pradesh,3,Both,22,All ages,294,All causes,3,Rate,2007,45938.23475013028,49523.9137384373,42766.78080456879
1,All Population,2,DALYs (Disability-Adjusted Life Years),163,India,3,Both,22,All ages,294,All causes,1,Number,2010,493577673.603632,534859296.9970138,461027271.0042064
1,All Population,2,DALYs (Disability-Adjusted Life Years),163,India,3,Both,22,All ages,294,All causes,2,Percent,2010,1.0,1.0,1.0
1,All Population,2,DALYs (Disability-Adjusted Life Years),163,India,3,Both,22,All ages,294,All causes,3,Rate,2010,40082.813156375654,43435.24112417229,37439.43648977767
1,All Population,2,DALYs (Disability-Adjusted Life Years),4870,Tamil Nadu,3,Both,22,All ages,294,All causes,1,Number,2004,27253439.920849025,29810613.978363097,25281265.857141577
1,All Population,2,DALYs (Disability-Adjusted Life Years),4870,Tamil Nadu,3,Both,22,All ages,294,All causes,2,Percent,2004,1.0,1.0,1.0
1,All Population,2,DALYs (Disability-Adjusted Life Years),4870,Tamil Nadu,3,Both,22,All ages,294,All causes,3,Rate,2004,40469.97518430229,44267.24888443314,37541.39678652335
1,All Population,2,DALYs (Disability-Adjusted Life Years),4870,Tamil Nadu,3,Both,22,All ages,294,All causes,1,Number,2005,27248697.0066381,29902646.316975556,25299879.464253664
1,All Population,2,DALYs (Disability-Adjusted Life Years),4870,Tamil Nadu,3,Both,22,All ages,294,All causes,2,Percent,2005,1.0,1.0,1.0
1,All Population,2,DALYs (Disability-Adjusted Life Years),4870,Tamil Nadu,3,Both,22,All ages,294,All causes,3,Rate,2005,39917.38137764287,43805.22624420162,37062.50383777926
1,All Population,2,DALYs (Disability-Adjusted Life Years),4856,Karnataka,3,Both,22,All ages,294,All causes,1,Number,2009,23666268.036250338,25887893.939840097,21637460.265182376
1,All Population,2,DALYs (Disability-Adjusted Life Years),4856,Karnataka,3,Both,22,All ages,294,All causes,2,Percent,2009,1.0,1.0,1.0
1,All Population,2,DALYs (Disability-Adjusted Life Years),4856,Karnataka,3,Both,22,All ages,294,All causes,3,Rate,2009,38915.99191033205,42569.15664080222,35579.8906422502
1,All Population,2,DALYs (Disability-Adjusted Life Years),163,India,3,Both,22,All ages,294,All causes,1,Number,2011,489781918.85873365,533188357.7921015,455129104.3861393
1,All Population,2,DALYs (Disability-Adjusted Life Years),163,India,3,Both,22,All ages,294,All causes,2,Percent,2011,1.0,1.0,1.0
1,All Population,2,DALYs (Disability-Adjusted Life Years),163,India,3,Both,22,All ages,294,All causes,3,Rate,2011,39158.62027825922,42629.014334013365,36388.08843284689
1,All Population,2,DALYs (Disability-Adjusted Life Years),4870,Tamil Nadu,3,Both,22,All ages,294,All causes,1,Number,2006,27684953.015621748,30392040.98063043,25656237.755800586
1,All Population,2,DALYs (Disability-Adjusted Life Years),4870,Tamil Nadu,3,Both,22,All ages,294,All causes,2,Percent,2006,1.0,1.0,1.0
1,All Population,2,DALYs (Disability-Adjusted Life Years),4870,Tamil Nadu,3,Both,22,All ages,294,All causes,3,Rate,2006,40018.9268423018,43932.05449566022,37086.39495319824
1,All Population,2,DALYs (Disability-Adjusted Life Years),163,India,3,Both,22,All ages,294,All causes,1,Number,2012,486616927.5700726,527627555.7907333,452096531.91058534
1,All Population,2,DALYs (Disability-Adjusted Life Years),163,India,3,Both,22,All ages,294,All causes,2,Percent,2012,1.0,1.0,1.0
1,All Population,2,DALYs (Disability-Adjusted Life Years),163,India,3,Both,22,All ages,294,All causes,3,Rate,2012,38326.41687371047,41556.45336522042,35607.55733609108
1,All Population,2,DALYs (Disability-Adjusted Life Years),4841,Andhra Pradesh,3,Both,22,All ages,294,All causes,1,Number,2008,22728656.899984032,24483785.360028543,21132065.43423683
1,All Population,2,DALYs (Disability-Adjusted Life Years),4841,Andhra Pradesh,3,Both,22,All ages,294,All causes,2,Percent,2008,1.0,1.0,1.0
1,All Population,2,DALYs (Disability-Adjusted Life Years),4841,Andhra Pradesh,3,Both,22,All ages,294,All causes,3,Rate,2008,45152.819334100604,48639.56290250664,41981.025843597345
1,All Population,2,DALYs (Disability-Adjusted Life Years),4856,Karnataka,3,Both,22,All ages,294,All causes,1,Number,2010,23638556.963785,25946952.78999299,21547616.061256714
1,All Population,2,DALYs (Disability-Adjusted Life Years),4856,Karnataka,3,Both,22,All ages,294,All causes,2,Percent,2010,1.0,1.0,1.0
1,All Population,2,DALYs (Disability-Adjusted Life Years),4856,Karnataka,3,Both,22,All ages,294,All causes,3,Rate,2010,38432.855477095254,42185.971342353056,35033.289689677185
1,All Population,2,DALYs (Disability-Adjusted Life Years),4856,Karnataka,3,Both,22,All ages,294,All causes,1,Number,2011,23704984.235486187,25847214.647668578,21781323.857649162
1,All Population,2,DALYs (Disability-Adjusted Life Years),4856,Karnataka,3,Both,22,All ages,294,All causes,2,Percent,2011,1.0,1.0,1.0
1,All Population,2,DALYs (Disability-Adjusted Life Years),4856,Karnataka,3,Both,22,All ages,294,All causes,3,Rate,2011,38118.41001694408,41563.18839735291,35025.09958537789
1,All Population,2,DALYs (Disability-Adjusted Life Years),4871,Telangana,3,Both,22,All ages,294,All causes,1,Number,2008,17249483.82546283,18487139.09650768,16196109.868086476
1,All Population,2,DALYs (Disability-Adjusted Life Years),4871,Telangana,3,Both,22,All ages,294,All causes,2,Percent,2008,1.0,1.0,1.0
1,All Population,2,DALYs (Disability-Adjusted Life Years),4871,Telangana,3,Both,22,All ages,294,All causes,3,Rate,2008,48967.777618564636,52481.2293075657,45977.463113161844
1,All Population,2,DALYs (Disability-Adjusted Life Years),4870,Tamil Nadu,3,Both,22,All ages,294,All causes,1,Number,2007,28138503.772614017,30823435.26561633,25994095.06874037
1,All Population,2,DALYs (Disability-Adjusted Life Years),4870,Tamil Nadu,3,Both,22,All ages,294,All causes,2,Percent,2007,1.0,1.0,1.0
1,All Population,2,DALYs (Disability-Adjusted Life Years),4870,Tamil Nadu,3,Both,22,All ages,294,All causes,3,Rate,2007,40145.89943474118,43976.55761679236,37086.41848762412
1,All Population,2,DALYs (Disability-Adjusted Life Years),4857,Kerala,3,Both,22,All ages,294,All causes,1,Number,2004,9529337.474695805,10645485.999100007,8602407.546157006
1,All Population,2,DALYs (Disability-Adjusted Life Years),4857,Kerala,3,Both,22,All ages,294,All causes,2,Percent,2004,1.0,1.0,1.0
1,All Population,2,DALYs (Disability-Adjusted Life Years),4857,Kerala,3,Both,22,All ages,294,All causes,3,Rate,2004,28514.251090372167,31854.057174847705,25740.63615693948
1,All Population,2,DALYs (Disability-Adjusted Life Years),163,India,3,Both,22,All ages,294,All causes,1,Number,2013,482596611.9760856,523413277.32154644,447846655.23743284
1,All Population,2,DALYs (Disability-Adjusted Life Years),163,India,3,Both,22,All ages,294,All causes,2,Percent,2013,1.0,1.0,1.0
1,All Population,2,DALYs (Disability-Adjusted Life Years),163,India,3,Both,22,All ages,294,All causes,3,Rate,2013,37464.974454832816,40633.65671772223,34767.26334536343
1,All Population,2,DALYs (Disability-Adjusted Life Years),4871,Telangana,3,Both,22,All ages,294,All causes,1,Number,2009,17183125.551805153,18565293.93057189,16070191.883991424
1,All Population,2,DALYs (Disability-Adjusted Life Years),4871,Telangana,3,Both,22,All ages,294,All causes,2,Percent,2009,1.0,1.0,1.0
1,All Population,2,DALYs (Disability-Adjusted Life Years),4871,Telangana,3,Both,22,All ages,294,All causes,3,Rate,2009,48262.93681790309,52145.08881260319,45136.995199757344
1,All Population,2,DALYs (Disability-Adjusted Life Years),4841,Andhra Pradesh,3,Both,22,All ages,294,All causes,1,Number,2009,22371665.500019785,24175709.642565317,20805640.869028736
1,All Population,2,DALYs (Disability-Adjusted Life Years),4841,Andhra Pradesh,3,Both,22,All ages,294,All causes,2,Percent,2009,1.0,1.0,1.0
1,All Population,2,DALYs (Disability-Adjusted Life Years),4841,Andhra Pradesh,3,Both,22,All ages,294,All causes,3,Rate,2009,44176.20038083903,47738.55542932211,41083.85046617
1,All Population,2,DALYs (Disability-Adjusted Life Years),4871,Telangana,3,Both,22,All ages,294,All causes,1,Number,2007,17260064.747792758,18533030.001437727,16188609.903130488
1,All Population,2,DALYs (Disability-Adjusted Life Years),4871,Telangana,3,Both,22,All ages,294,All causes,2,Percent,2007,1.0,1.0,1.0
1,All Population,2,DALYs (Disability-Adjusted Life Years),4871,Telangana,3,Both,22,All ages,294,All causes,3,Rate,2007,49542.321292477165,53196.16932327923,46466.87743173339
1,All Population,2,DALYs (Disability-Adjusted Life Years),163,India,3,Both,22,All ages,294,All causes,1,Number,2014,479034425.41932154,521883483.41430914,441097451.25902486
1,All Population,2,DALYs (Disability-Adjusted Life Years),163,India,3,Both,22,All ages,294,All causes,2,Percent,2014,1.0,1.0,1.0
1,All Population,2,DALYs (Disability-Adjusted Life Years),163,India,3,Both,22,All ages,294,All causes,3,Rate,2014,36673.26719205481,39953.647201075015,33768.93982848214
1,All Population,2,DALYs (Disability-Adjusted Life Years),4857,Kerala,3,Both,22,All ages,294,All causes,1,Number,2007,10036984.877595797,11215752.389614765,9133613.211911077
1,All Population,2,DALYs (Disability-Adjusted Life Years),4857,Kerala,3,Both,22,All ages,294,All causes,2,Percent,2007,1.0,1.0,1.0
1,All Population,2,DALYs (Disability-Adjusted Life Years),4857,Kerala,3,Both,22,All ages,294,All causes,3,Rate,2007,29705.66173787683,33194.36570691399,27032.02483878045
1,All Population,2,DALYs (Disability-Adjusted Life Years),4871,Telangana,3,Both,22,All ages,294,All causes,1,Number,2011,17333559.239927337,18716744.32843864,16149858.280566245
1,All Population,2,DALYs (Disability-Adjusted Life Years),4871,Telangana,3,Both,22,All ages,294,All causes,2,Percent,2011,1.0,1.0,1.0
1,All Population,2,DALYs (Disability-Adjusted Life Years),4871,Telangana,3,Both,22,All ages,294,All causes,3,Rate,2011,47720.20944467549,51528.19147599824,44461.417818633716
1,All Population,2,DALYs (Disability-Adjusted Life Years),4841,Andhra Pradesh,3,Both,22,All ages,294,All causes,1,Number,2010,22002900.256840043,23787843.857483074,20435611.77793592
1,All Population,2,DALYs (Disability-Adjusted Life Years),4841,Andhra Pradesh,3,Both,22,All ages,294,All causes,2,Percent,2010,1.0,1.0,1.0
1,All Population,2,DALYs (Disability-Adjusted Life Years),4841,Andhra Pradesh,3,Both,22,All ages,294,All causes,3,Rate,2010,43197.97259250551,46702.32628405014,40120.938021337875
1,All Population,2,DALYs (Disability-Adjusted Life Years),4857,Kerala,3,Both,22,All ages,294,All causes,1,Number,2010,10282101.176608877,11438126.736353984,9338128.159059884
1,All Population,2,DALYs (Disability-Adjusted Life Years),4857,Kerala,3,Both,22,All ages,294,All causes,2,Percent,2010,1.0,1.0,1.0
1,All Population,2,DALYs (Disability-Adjusted Life Years),4857,Kerala,3,Both,22,All ages,294,All causes,3,Rate,2010,30174.382216177193,33566.914198917664,27404.15051508478
1,All Population,2,DALYs (Disability-Adjusted Life Years),4856,Karnataka,3,Both,22,All ages,294,All causes,1,Number,2013,23693534.63863126,25943895.91405477,21597839.795904465
1,All Population,2,DALYs (Disability-Adjusted Life Years),4856,Karnataka,3,Both,22,All ages,294,All causes,2,Percent,2013,1.0,1.0,1.0
1,All Population,2,DALYs (Disability-Adjusted Life Years),4856,Karnataka,3,Both,22,All ages,294,All causes,3,Rate,2013,37304.415545118594,40847.509195998646,34004.83730737538
1,All Population,2,DALYs (Disability-Adjusted Life Years),4857,Kerala,3,Both,22,All ages,294,All causes,1,Number,2009,10180817.637288474,11369261.928521961,9164841.095054151
1,All Population,2,DALYs (Disability-Adjusted Life Years),4857,Kerala,3,Both,22,All ages,294,All causes,2,Percent,2009,1.0,1.0,1.0
1,All Population,2,DALYs (Disability-Adjusted Life Years),4857,Kerala,3,Both,22,All ages,294,All causes,3,Rate,2009,29964.819797078962,33462.723432563704,26974.534037062225
1,All Population,2,DALYs (Disability-Adjusted Life Years),4857,Kerala,3,Both,22,All ages,294,All causes,1,Number,2008,10139952.702788575,11316953.487233423,9189818.148935715
1,All Population,2,DALYs (Disability-Adjusted Life Years),4857,Kerala,3,Both,22,All ages,294,All causes,2,Percent,2008,1.0,1.0,1.0
1,All Population,2,DALYs (Disability-Adjusted Life Years),4857,Kerala,3,Both,22,All ages,294,All causes,3,Rate,2008,29927.64458434875,33401.512972578785,27123.362348673487
1,All Population,2,DALYs (Disability-Adjusted Life Years),4857,Kerala,3,Both,22,All ages,294,All causes,1,Number,2011,10369656.249749426,11548063.116829976,9401090.392884178
1,All Population,2,DALYs (Disability-Adjusted Life Years),4857,Kerala,3,Both,22,All ages,294,All causes,2,Percent,2011,1.0,1.0,1.0
1,All Population,2,DALYs (Disability-Adjusted Life Years),4857,Kerala,3,Both,22,All ages,294,All causes,3,Rate,2011,30336.41007127496,33783.83716910433,27502.872458530077
1,All Population,2,DALYs (Disability-Adjusted Life Years),4841,Andhra Pradesh,3,Both,22,All ages,294,All causes,1,Number,2011,21758889.51751818,23644385.82041497,20102939.660185806
1,All Population,2,DALYs (Disability-Adjusted Life Years),4841,Andhra Pradesh,3,Both,22,All ages,294,All causes,2,Percent,2011,1.0,1.0,1.0
1,All Population,2,DALYs (Disability-Adjusted Life Years),4841,Andhra Pradesh,3,Both,22,All ages,294,All causes,3,Rate,2011,42488.96586283945,46170.807621528154,39255.36348151747
1,All Population,2,DALYs (Disability-Adjusted Life Years),163,India,3,Both,22,All ages,294,All causes,1,Number,2015,476907314.5216531,520281293.9783538,436652257.38012
1,All Population,2,DALYs (Disability-Adjusted Life Years),163,India,3,Both,22,All ages,294,All causes,2,Percent,2015,1.0,1.0,1.0
1,All Population,2,DALYs (Disability-Adjusted Life Years),163,India,3,Both,22,All ages,294,All causes,3,Rate,2015,36021.075870656314,39297.136768126904,32980.58891790915
1,All Population,2,DALYs (Disability-Adjusted Life Years),4856,Karnataka,3,Both,22,All ages,294,All causes,1,Number,2012,23704028.423102055,25872642.537093237,21719259.685067914
1,All Population,2,DALYs (Disability-Adjusted Life Years),4856,Karnataka,3,Both,22,All ages,294,All causes,2,Percent,2012,1.0,1.0,1.0
1,All Population,2,DALYs (Disability-Adjusted Life Years),4856,Karnataka,3,Both,22,All ages,294,All causes,3,Rate,2012,37711.68229996681,41161.81681036735,34554.03471569792
1,All Population,2,DALYs (Disability-Adjusted Life Years),4857,Kerala,3,Both,22,All ages,294,All causes,1,Number,2012,10382416.469054112,11552132.545944504,9345361.666175988
1,All Population,2,DALYs (Disability-Adjusted Life Years),4857,Kerala,3,Both,22,All ages,294,All causes,2,Percent,2012,1.0,1.0,1.0
1,All Population,2,DALYs (Disability-Adjusted Life Years),4857,Kerala,3,Both,22,All ages,294,All causes,3,Rate,2012,30268.377639124385,33678.50937978446,27244.999940922433
1,All Population,2,DALYs (Disability-Adjusted Life Years),4841,Andhra Pradesh,3,Both,22,All ages,294,All causes,1,Number,2012,21480445.658273872,23400576.961937595,19837190.422447808
1,All Population,2,DALYs (Disability-Adjusted Life Years),4841,Andhra Pradesh,3,Both,22,All ages,294,All causes,2,Percent,2012,1.0,1.0,1.0
1,All Population,2,DALYs (Disability-Adjusted Life Years),4841,Andhra Pradesh,3,Both,22,All ages,294,All causes,3,Rate,2012,41734.2655978172,45464.88045956787,38541.59205891632
1,All Population,2,DALYs (Disability-Adjusted Life Years),4856,Karnataka,3,Both,22,All ages,294,All causes,1,Number,2015,23947094.759379003,26225979.092445884,21899177.480720866
1,All Population,2,DALYs (Disability-Adjusted Life Years),4856,Karnataka,3,Both,22,All ages,294,All causes,2,Percent,2015,1.0,1.0,1.0
1,All Population,2,DALYs (Disability-Adjusted Life Years),4856,Karnataka,3,Both,22,All ages,294,All causes,3,Rate,2015,36951.97335239034,40468.444723753106,33791.89963700838
1,All Population,2,DALYs (Disability-Adjusted Life Years),163,India,3,Both,22,All ages,294,All causes,1,Number,2016,478400462.6966803,525707938.3106776,438102150.52671564
1,All Population,2,DALYs (Disability-Adjusted Life Years),163,India,3,Both,22,All ages,294,All causes,2,Percent,2016,1.0,1.0,1.0
1,All Population,2,DALYs (Disability-Adjusted Life Years),163,India,3,Both,22,All ages,294,All causes,3,Rate,2016,35667.46851317992,39194.50920078497,32663.000724092883
1,All Population,2,DALYs (Disability-Adjusted Life Years),4871,Telangana,3,Both,22,All ages,294,All causes,1,Number,2010,17282602.944246035,18594819.67960176,16148703.341578567
1,All Population,2,DALYs (Disability-Adjusted Life Years),4871,Telangana,3,Both,22,All ages,294,All causes,2,Percent,2010,1.0,1.0,1.0
1,All Population,2,DALYs (Disability-Adjusted Life Years),4871,Telangana,3,Both,22,All ages,294,All causes,3,Rate,2010,48046.56564836948,51694.59874405251,44894.263771506645
1,All Population,2,DALYs (Disability-Adjusted Life Years),163,India,3,Both,22,All ages,294,All causes,1,Number,2017,478092849.18879837,526926515.7084527,440709788.3645755
1,All Population,2,DALYs (Disability-Adjusted Life Years),163,India,3,Both,22,All ages,294,All causes,2,Percent,2017,1.0,1.0,1.0
1,All Population,2,DALYs (Disability-Adjusted Life Years),163,India,3,Both,22,All ages,294,All causes,3,Rate,2017,35203.74339850074,38799.54674147647,32451.09047148157
1,All Population,2,DALYs (Disability-Adjusted Life Years),4857,Kerala,3,Both,22,All ages,294,All causes,1,Number,2013,10469251.912410375,11665348.725090835,9461153.635195289
1,All Population,2,DALYs (Disability-Adjusted Life Years),4857,Kerala,3,Both,22,All ages,294,All causes,2,Percent,2013,1.0,1.0,1.0
1,All Population,2,DALYs (Disability-Adjusted Life Years),4857,Kerala,3,Both,22,All ages,294,All causes,3,Rate,2013,30407.87939853991,33881.93541832591,27479.86399764059
1,All Population,2,DALYs (Disability-Adjusted Life Years),4841,Andhra Pradesh,3,Both,22,All ages,294,All causes,1,Number,2013,21083881.155490745,22996331.379809767,19487566.845514327
1,All Population,2,DALYs (Disability-Adjusted Life Years),4841,Andhra Pradesh,3,Both,22,All ages,294,All causes,2,Percent,2013,1.0,1.0,1.0
1,All Population,2,DALYs (Disability-Adjusted Life Years),4841,Andhra Pradesh,3,Both,22,All ages,294,All causes,3,Rate,2013,40765.99174099014,44463.7421444703,37679.49473901022
1,All Population,2,DALYs (Disability-Adjusted Life Years),4870,Tamil Nadu,3,Both,22,All ages,294,All causes,1,Number,2008,28385786.654216222,30933676.606143795,26264335.767749023
1,All Population,2,DALYs (Disability-Adjusted Life Years),4870,Tamil Nadu,3,Both,22,All ages,294,All causes,2,Percent,2008,1.0,1.0,1.0
1,All Population,2,DALYs (Disability-Adjusted Life Years),4870,Tamil Nadu,3,Both,22,All ages,294,All causes,3,Rate,2008,39983.46524247254,43572.3553646848,36995.24586296577
1,All Population,2,DALYs (Disability-Adjusted Life Years),4870,Tamil Nadu,3,Both,22,All ages,294,All causes,1,Number,2009,28474577.963645518,31101928.199117415,26243138.551740207
1,All Population,2,DALYs (Disability-Adjusted Life Years),4870,Tamil Nadu,3,Both,22,All ages,294,All causes,2,Percent,2009,1.0,1.0,1.0
1,All Population,2,DALYs (Disability-Adjusted Life Years),4870,Tamil Nadu,3,Both,22,All ages,294,All causes,3,Rate,2009,39606.35601050528,43260.83576866857,36502.563431853865
1,All Population,2,DALYs (Disability-Adjusted Life Years),4856,Karnataka,3,Both,22,All ages,294,All causes,1,Number,2016,24184273.427402534,26727400.801503465,21947603.805686105
1,All Population,2,DALYs (Disability-Adjusted Life Years),4856,Karnataka,3,Both,22,All ages,294,All causes,2,Percent,2016,1.0,1.0,1.0
1,All Population,2,DALYs (Disability-Adjusted Life Years),4856,Karnataka,3,Both,22,All ages,294,All causes,3,Rate,2016,36963.40097671935,40850.33341427822,33544.860563333394
1,All Population,2,DALYs (Disability-Adjusted Life Years),4871,Telangana,3,Both,22,All ages,294,All causes,1,Number,2013,17490177.729486402,18911707.335628565,16286873.824388377
1,All Population,2,DALYs (Disability-Adjusted Life Years),4871,Telangana,3,Both,22,All ages,294,All causes,2,Percent,2013,1.0,1.0,1.0
1,All Population,2,DALYs (Disability-Adjusted Life Years),4871,Telangana,3,Both,22,All ages,294,All causes,3,Rate,2013,47290.964861299864,51134.57970004629,44037.40142852125
1,All Population,2,DALYs (Disability-Adjusted Life Years),4841,Andhra Pradesh,3,Both,22,All ages,294,All causes,1,Number,2015,20700236.305151857,22545791.27411522,18949113.908617806
1,All Population,2,DALYs (Disability-Adjusted Life Years),4841,Andhra Pradesh,3,Both,22,All ages,294,All causes,2,Percent,2015,1.0,1.0,1.0
1,All Population,2,DALYs (Disability-Adjusted Life Years),4841,Andhra Pradesh,3,Both,22,All ages,294,All causes,3,Rate,2015,39666.33450821715,43202.835235698396,36310.78794721181
1,All Population,2,DALYs (Disability-Adjusted Life Years),4871,Telangana,3,Both,22,All ages,294,All causes,1,Number,2015,17412521.522043265,18823533.66879745,16085134.172226945
1,All Population,2,DALYs (Disability-Adjusted Life Years),4871,Telangana,3,Both,22,All ages,294,All causes,2,Percent,2015,1.0,1.0,1.0
1,All Population,2,DALYs (Disability-Adjusted Life Years),4871,Telangana,3,Both,22,All ages,294,All causes,3,Rate,2015,46321.84593597112,50075.506035858896,42790.64959328694
1,All Population,2,DALYs (Disability-Adjusted Life Years),4870,Tamil Nadu,3,Both,22,All ages,294,All causes,1,Number,2011,28409482.784159523,31238103.620525368,25913722.04637361
1,All Population,2,DALYs (Disability-Adjusted Life Years),4870,Tamil Nadu,3,Both,22,All ages,294,All causes,2,Percent,2011,1.0,1.0,1.0
1,All Population,2,DALYs (Disability-Adjusted Life Years),4870,Tamil Nadu,3,Both,22,All ages,294,All causes,3,Rate,2011,38563.175669066055,42402.7599037631,35175.417416287855
1,All Population,2,DALYs (Disability-Adjusted Life Years),163,India,3,Both,22,All ages,294,All causes,1,Number,2018,475138346.9907804,521228370.1237811,436991774.8355559
1,All Population,2,DALYs (Disability-Adjusted Life Years),163,India,3,Both,22,All ages,294,All causes,2,Percent,2018,1.0,1.0,1.0
1,All Population,2,DALYs (Disability-Adjusted Life Years),163,India,3,Both,22,All ages,294,All causes,3,Rate,2018,34572.6056514775,37926.2650736997,31796.93746045314
1,All Population,2,DALYs (Disability-Adjusted Life Years),4841,Andhra Pradesh,3,Both,22,All ages,294,All causes,1,Number,2014,20805334.966987662,22698724.60705256,19103371.10603641
1,All Population,2,DALYs (Disability-Adjusted Life Years),4841,Andhra Pradesh,3,Both,22,All ages,294,All causes,2,Percent,2014,1.0,1.0,1.0
1,All Population,2,DALYs (Disability-Adjusted Life Years),4841,Andhra Pradesh,3,Both,22,All ages,294,All causes,3,Rate,2014,40040.318774318745,43684.18823724662,36764.85237865684
1,All Population,2,DALYs (Disability-Adjusted Life Years),4870,Tamil Nadu,3,Both,22,All ages,294,All causes,1,Number,2010,28463573.623338606,31259384.55683513,26197136.79578238
1,All Population,2,DALYs (Disability-Adjusted Life Years),4870,Tamil Nadu,3,Both,22,All ages,294,All causes,2,Percent,2010,1.0,1.0,1.0
1,All Population,2,DALYs (Disability-Adjusted Life Years),4870,Tamil Nadu,3,Both,22,All ages,294,All causes,3,Rate,2010,39104.99998216352,42946.05620199354,35991.230317328125
1,All Population,2,DALYs (Disability-Adjusted Life Years),4856,Karnataka,3,Both,22,All ages,294,All causes,1,Number,2014,23777742.529711757,25946955.535200275,21716870.514694728
1,All Population,2,DALYs (Disability-Adjusted Life Years),4856,Karnataka,3,Both,22,All ages,294,All causes,2,Percent,2014,1.0,1.0,1.0
1,All Population,2,DALYs (Disability-Adjusted Life Years),4856,Karnataka,3,Both,22,All ages,294,All causes,3,Rate,2014,37056.890911102855,40437.54362053852,33845.08435096359
1,All Population,2,DALYs (Disability-Adjusted Life Years),163,India,3,Both,22,All ages,294,All causes,1,Number,2019,467095158.0196639,516033055.2814957,428093956.69690007
1,All Population,2,DALYs (Disability-Adjusted Life Years),163,India,3,Both,22,All ages,294,All causes,2,Percent,2019,1.0,1.0,1.0
1,All Population,2,DALYs (Disability-Adjusted Life Years),163,India,3,Both,22,All ages,294,All causes,3,Rate,2019,33604.19380530672,37124.929475064106,30798.33314632135
1,All Population,2,DALYs (Disability-Adjusted Life Years),4856,Karnataka,3,Both,22,All ages,294,All causes,1,Number,2017,24126158.63628581,26591682.059040297,21929566.862637814
1,All Population,2,DALYs (Disability-Adjusted Life Years),4856,Karnataka,3,Both,22,All ages,294,All causes,2,Percent,2017,1.0,1.0,1.0
1,All Population,2,DALYs (Disability-Adjusted Life Years),4856,Karnataka,3,Both,22,All ages,294,All causes,3,Rate,2017,36542.20299582776,40276.55867024327,33215.17925774761
1,All Population,2,DALYs (Disability-Adjusted Life Years),4856,Karnataka,3,Both,22,All ages,294,All causes,1,Number,2018,23774760.425623845,25983806.049866974,21469292.217970923
1,All Population,2,DALYs (Disability-Adjusted Life Years),4856,Karnataka,3,Both,22,All ages,294,All causes,2,Percent,2018,1.0,1.0,1.0
1,All Population,2,DALYs (Disability-Adjusted Life Years),4856,Karnataka,3,Both,22,All ages,294,All causes,3,Rate,2018,35702.27612437131,39019.573772639524,32240.1818247008
1,All Population,2,DALYs (Disability-Adjusted Life Years),4841,Andhra Pradesh,3,Both,22,All ages,294,All causes,1,Number,2016,20571644.521709535,22587704.73335074,18883787.25748569
1,All Population,2,DALYs (Disability-Adjusted Life Years),4841,Andhra Pradesh,3,Both,22,All ages,294,All causes,2,Percent,2016,1.0,1.0,1.0
1,All Population,2,DALYs (Disability-Adjusted Life Years),4841,Andhra Pradesh,3,Both,22,All ages,294,All causes,3,Rate,2016,39266.64399575718,43114.84964217416,36044.90398173019
1,All Population,2,DALYs (Disability-Adjusted Life Years),4857,Kerala,3,Both,22,All ages,294,All causes,1,Number,2016,10691907.233654557,11933784.231089368,9546814.199823346
1,All Population,2,DALYs (Disability-Adjusted Life Years),4857,Kerala,3,Both,22,All ages,294,All causes,2,Percent,2016,1.0,1.0,1.0
1,All Population,2,DALYs (Disability-Adjusted Life Years),4857,Kerala,3,Both,22,All ages,294,All causes,3,Rate,2016,30696.596326065766,34262.04036180239,27409.020232563496
1,All Population,2,DALYs (Disability-Adjusted Life Years),4871,Telangana,3,Both,22,All ages,294,All causes,1,Number,2014,17426876.350594953,18780830.276128754,16188014.911136528
1,All Population,2,DALYs (Disability-Adjusted Life Years),4871,Telangana,3,Both,22,All ages,294,All causes,2,Percent,2014,1.0,1.0,1.0
1,All Population,2,DALYs (Disability-Adjusted Life Years),4871,Telangana,3,Both,22,All ages,294,All causes,3,Rate,2014,46729.205474953495,50359.758071817974,43407.26701651753
1,All Population,2,DALYs (Disability-Adjusted Life Years),4870,Tamil Nadu,3,Both,22,All ages,294,All causes,1,Number,2013,28322227.209526274,31083368.444001723,25938055.009432595
1,All Population,2,DALYs (Disability-Adjusted Life Years),4870,Tamil Nadu,3,Both,22,All ages,294,All causes,2,Percent,2013,1.0,1.0,1.0
1,All Population,2,DALYs (Disability-Adjusted Life Years),4870,Tamil Nadu,3,Both,22,All ages,294,All causes,3,Rate,2013,37576.02563549732,41239.32206491727,34412.86635966089
1,All Population,2,DALYs (Disability-Adjusted Life Years),4871,Telangana,3,Both,22,All ages,294,All causes,1,Number,2016,17657789.9589189,19028606.08963888,16268464.802142296
1,All Population,2,DALYs (Disability-Adjusted Life Years),4871,Telangana,3,Both,22,All ages,294,All causes,2,Percent,2016,1.0,1.0,1.0
1,All Population,2,DALYs (Disability-Adjusted Life Years),4871,Telangana,3,Both,22,All ages,294,All causes,3,Rate,2016,46628.56517379852,50248.451322703855,42959.80261794793
1,All Population,2,DALYs (Disability-Adjusted Life Years),163,India,3,Both,22,All ages,294,All causes,1,Number,2020,491508084.9479058,541957870.1138926,448798484.82006025
1,All Population,2,DALYs (Disability-Adjusted Life Years),163,India,3,Both,22,All ages,294,All causes,2,Percent,2020,1.0,1.0,1.0
1,All Population,2,DALYs (Disability-Adjusted Life Years),163,India,3,Both,22,All ages,294,All causes,3,Rate,2020,34993.69000758991,38585.54169246131,31952.912952253464
1,All Population,2,DALYs (Disability-Adjusted Life Years),4856,Karnataka,3,Both,22,All ages,294,All causes,1,Number,2019,23345633.79140605,25892246.624556534,21198561.091571353
1,All Population,2,DALYs (Disability-Adjusted Life Years),4856,Karnataka,3,Both,22,All ages,294,All causes,2,Percent,2019,1.0,1.0,1.0
1,All Population,2,DALYs (Disability-Adjusted Life Years),4856,Karnataka,3,Both,22,All ages,294,All causes,3,Rate,2019,34774.14748305186,38567.417395253025,31576.006734850333
1,All Population,2,DALYs (Disability-Adjusted Life Years),4857,Kerala,3,Both,22,All ages,294,All causes,1,Number,2017,10898935.287280131,12247211.03945624,9791628.156157529
1,All Population,2,DALYs (Disability-Adjusted Life Years),4857,Kerala,3,Both,22,All ages,294,All causes,2,Percent,2017,1.0,1.0,1.0
1,All Population,2,DALYs (Disability-Adjusted Life Years),4857,Kerala,3,Both,22,All ages,294,All causes,3,Rate,2017,31185.42072383822,35043.27889760249,28017.05263609795
1,All Population,2,DALYs (Disability-Adjusted Life Years),4857,Kerala,3,Both,22,All ages,294,All causes,1,Number,2014,10406422.723757733,11654042.037054276,9327681.732586302
1,All Population,2,DALYs (Disability-Adjusted Life Years),4857,Kerala,3,Both,22,All ages,294,All causes,2,Percent,2014,1.0,1.0,1.0
1,All Population,2,DALYs (Disability-Adjusted Life Years),4857,Kerala,3,Both,22,All ages,294,All causes,3,Rate,2014,30107.957606827884,33717.58123939813,26986.934283722956
1,All Population,2,DALYs (Disability-Adjusted Life Years),4841,Andhra Pradesh,3,Both,22,All ages,294,All causes,1,Number,2017,20430314.270075936,22354881.059811305,18876119.907836623
1,All Population,2,DALYs (Disability-Adjusted Life Years),4841,Andhra Pradesh,3,Both,22,All ages,294,All causes,2,Percent,2017,1.0,1.0,1.0
1,All Population,2,DALYs (Disability-Adjusted Life Years),4841,Andhra Pradesh,3,Both,22,All ages,294,All causes,3,Rate,2017,38864.56955687431,42525.67133327112,35908.026936057955
1,All Population,2,DALYs (Disability-Adjusted Life Years),4870,Tamil Nadu,3,Both,22,All ages,294,All causes,1,Number,2014,28401568.845932603,31362479.57850288,25807109.878740992
1,All Population,2,DALYs (Disability-Adjusted Life Years),4870,Tamil Nadu,3,Both,22,All ages,294,All causes,2,Percent,2014,1.0,1.0,1.0
1,All Population,2,DALYs (Disability-Adjusted Life Years),4870,Tamil Nadu,3,Both,22,All ages,294,All causes,3,Rate,2014,37278.84612181801,41165.22775723727,33873.455485407554
1,All Population,2,DALYs (Disability-Adjusted Life Years),4870,Tamil Nadu,3,Both,22,All ages,294,All causes,1,Number,2015,28135991.882561952,30965245.04989431,25483909.941463936
1,All Population,2,DALYs (Disability-Adjusted Life Years),4870,Tamil Nadu,3,Both,22,All ages,294,All causes,2,Percent,2015,1.0,1.0,1.0
1,All Population,2,DALYs (Disability-Adjusted Life Years),4870,Tamil Nadu,3,Both,22,All ages,294,All causes,3,Rate,2015,36552.29717624554,40227.86343994146,33106.899279793586
1,All Population,2,DALYs (Disability-Adjusted Life Years),163,India,3,Both,22,All ages,294,All causes,1,Number,2021,540279556.6714686,592010176.1108291,496246092.80315626
1,All Population,2,DALYs (Disability-Adjusted Life Years),163,India,3,Both,22,All ages,294,All causes,2,Percent,2021,1.0,1.0,1.0
1,All Population,2,DALYs (Disability-Adjusted Life Years),163,India,3,Both,22,All ages,294,All causes,3,Rate,2021,38113.21642827161,41762.475909432775,35006.94131980963
1,All Population,2,DALYs (Disability-Adjusted Life Years),4871,Telangana,3,Both,22,All ages,294,All causes,1,Number,2012,17386105.221546557,18812710.438994616,16206630.437324116
1,All Population,2,DALYs (Disability-Adjusted Life Years),4871,Telangana,3,Both,22,All ages,294,All causes,2,Percent,2012,1.0,1.0,1.0
1,All Population,2,DALYs (Disability-Adjusted Life Years),4871,Telangana,3,Both,22,All ages,294,All causes,3,Rate,2012,47423.67789201059,51314.99601353411,44206.45174872271
1,All Population,2,DALYs (Disability-Adjusted Life Years),4841,Andhra Pradesh,3,Both,22,All ages,294,All causes,1,Number,2018,20017261.507643893,21988333.52891455,18477607.321648363
1,All Population,2,DALYs (Disability-Adjusted Life Years),4841,Andhra Pradesh,3,Both,22,All ages,294,All causes,2,Percent,2018,1.0,1.0,1.0
1,All Population,2,DALYs (Disability-Adjusted Life Years),4841,Andhra Pradesh,3,Both,22,All ages,294,All causes,3,Rate,2018,37966.976991068164,41705.53263968888,35046.69666043589
1,All Population,2,DALYs (Disability-Adjusted Life Years),4857,Kerala,3,Both,22,All ages,294,All causes,1,Number,2018,10784100.892538067,12107447.272611225,9667033.061507033
1,All Population,2,DALYs (Disability-Adjusted Life Years),4857,Kerala,3,Both,22,All ages,294,All causes,2,Percent,2018,1.0,1.0,1.0
1,All Population,2,DALYs (Disability-Adjusted Life Years),4857,Kerala,3,Both,22,All ages,294,All causes,3,Rate,2018,30764.66267105927,34539.87818374876,27577.91438811797
1,All Population,2,DALYs (Disability-Adjusted Life Years),4856,Karnataka,3,Both,22,All ages,294,All causes,1,Number,2020,25218953.313559834,28014208.769230474,22813276.312221117
1,All Population,2,DALYs (Disability-Adjusted Life Years),4856,Karnataka,3,Both,22,All ages,294,All causes,2,Percent,2020,1.0,1.0,1.0
1,All Population,2,DALYs (Disability-Adjusted Life Years),4856,Karnataka,3,Both,22,All ages,294,All causes,3,Rate,2020,37295.463631613144,41429.273107836736,33737.78865607823
1,All Population,2,DALYs (Disability-Adjusted Life Years),4856,Karnataka,3,Both,22,All ages,294,All causes,1,Number,2021,28407362.21874919,31092506.938380588,25982824.61034927
1,All Population,2,DALYs (Disability-Adjusted Life Years),4856,Karnataka,3,Both,22,All ages,294,All causes,2,Percent,2021,1.0,1.0,1.0
1,All Population,2,DALYs (Disability-Adjusted Life Years),4856,Karnataka,3,Both,22,All ages,294,All causes,3,Rate,2021,41758.35865516532,45705.47755272301,38194.32795619117
1,All Population,2,DALYs (Disability-Adjusted Life Years),4841,Andhra Pradesh,3,Both,22,All ages,294,All causes,1,Number,2019,19637867.486653663,21725890.377634928,18077105.07534114
1,All Population,2,DALYs (Disability-Adjusted Life Years),4841,Andhra Pradesh,3,Both,22,All ages,294,All causes,2,Percent,2019,1.0,1.0,1.0
1,All Population,2,DALYs (Disability-Adjusted Life Years),4841,Andhra Pradesh,3,Both,22,All ages,294,All causes,3,Rate,2019,37155.684142680875,41106.312645124635,34202.654990411196
1,All Population,2,DALYs (Disability-Adjusted Life Years),163,India,3,Both,22,All ages,294,All causes,1,Number,2022,485941548.30728,537075900.8738381,442147895.58679104
1,All Population,2,DALYs (Disability-Adjusted Life Years),163,India,3,Both,22,All ages,294,All causes,2,Percent,2022,1.0,1.0,1.0
1,All Population,2,DALYs (Disability-Adjusted Life Years),163,India,3,Both,22,All ages,294,All causes,3,Rate,2022,33973.92493262446,37548.911804247284,30912.152842474854
1,All Population,2,DALYs (Disability-Adjusted Life Years),4870,Tamil Nadu,3,Both,22,All ages,294,All causes,1,Number,2016,28138024.73956131,31125978.0136097,25478245.765642095
1,All Population,2,DALYs (Disability-Adjusted Life Years),4870,Tamil Nadu,3,Both,22,All ages,294,All causes,2,Percent,2016,1.0,1.0,1.0
1,All Population,2,DALYs (Disability-Adjusted Life Years),4870,Tamil Nadu,3,Both,22,All ages,294,All causes,3,Rate,2016,36197.42129305606,40041.19513524162,32775.81864125361
1,All Population,2,DALYs (Disability-Adjusted Life Years),4857,Kerala,3,Both,22,All ages,294,All causes,1,Number,2015,10489541.827983765,11708509.921462731,9364343.705019122
1,All Population,2,DALYs (Disability-Adjusted Life Years),4857,Kerala,3,Both,22,All ages,294,All causes,2,Percent,2015,1.0,1.0,1.0
1,All Population,2,DALYs (Disability-Adjusted Life Years),4857,Kerala,3,Both,22,All ages,294,All causes,3,Rate,2015,30229.213899264334,33742.088707184994,26986.56943528905
1,All Population,2,DALYs (Disability-Adjusted Life Years),4871,Telangana,3,Both,22,All ages,294,All causes,1,Number,2017,17832076.09438884,19399179.454905137,16433057.28170047
1,All Population,2,DALYs (Disability-Adjusted Life Years),4871,Telangana,3,Both,22,All ages,294,All causes,2,Percent,2017,1.0,1.0,1.0
1,All Population,2,DALYs (Disability-Adjusted Life Years),4871,Telangana,3,Both,22,All ages,294,All causes,3,Rate,2017,46777.87378773195,50888.76714768283,43107.90708838661
1,All Population,2,DALYs (Disability-Adjusted Life Years),4856,Karnataka,3,Both,22,All ages,294,All causes,1,Number,2022,24218225.162867326,26895122.679613963,21833873.42650775
1,All Population,2,DALYs (Disability-Adjusted Life Years),4856,Karnataka,3,Both,22,All ages,294,All causes,2,Percent,2022,1.0,1.0,1.0
1,All Population,2,DALYs (Disability-Adjusted Life Years),4856,Karnataka,3,Both,22,All ages,294,All causes,3,Rate,2022,35379.82241978256,39290.43759251058,31896.58033860625
1,All Population,2,DALYs (Disability-Adjusted Life Years),163,India,3,Both,22,All ages,294,All causes,1,Number,2023,484350717.2850061,535082865.27696425,438536810.33750176
1,All Population,2,DALYs (Disability-Adjusted Life Years),163,India,3,Both,22,All ages,294,All causes,2,Percent,2023,1.0,1.0,1.0
1,All Population,2,DALYs (Disability-Adjusted Life Years),163,India,3,Both,22,All ages,294,All causes,3,Rate,2023,33556.58235279176,37071.38565806783,30382.52255165301
1,All Population,2,DALYs (Disability-Adjusted Life Years),4857,Kerala,3,Both,22,All ages,294,All causes,1,Number,2020,10533977.064410353,11952728.054765746,9370598.529072938
1,All Population,2,DALYs (Disability-Adjusted Life Years),4857,Kerala,3,Both,22,All ages,294,All causes,2,Percent,2020,1.0,1.0,1.0
1,All Population,2,DALYs (Disability-Adjusted Life Years),4857,Kerala,3,Both,22,All ages,294,All causes,3,Rate,2020,29909.451030795713,33937.75515671729,26606.23391534237
1,All Population,2,DALYs (Disability-Adjusted Life Years),4841,Andhra Pradesh,3,Both,22,All ages,294,All causes,1,Number,2020,21255531.67151964,23494264.63391202,19539454.224665556
1,All Population,2,DALYs (Disability-Adjusted Life Years),4841,Andhra Pradesh,3,Both,22,All ages,294,All causes,2,Percent,2020,1.0,1.0,1.0
1,All Population,2,DALYs (Disability-Adjusted Life Years),4841,Andhra Pradesh,3,Both,22,All ages,294,All causes,3,Rate,2020,40155.03860956024,44384.35688447376,36913.098713615276
1,All Population,2,DALYs (Disability-Adjusted Life Years),4870,Tamil Nadu,3,Both,22,All ages,294,All causes,1,Number,2017,27955904.83404888,31084505.039107427,25335079.890908893
1,All Population,2,DALYs (Disability-Adjusted Life Years),4870,Tamil Nadu,3,Both,22,All ages,294,All causes,2,Percent,2017,1.0,1.0,1.0
1,All Population,2,DALYs (Disability-Adjusted Life Years),4870,Tamil Nadu,3,Both,22,All ages,294,All causes,3,Rate,2017,35632.30721396082,39619.98868297664,32291.830842964002
1,All Population,2,DALYs (Disability-Adjusted Life Years),4871,Telangana,3,Both,22,All ages,294,All causes,1,Number,2021,18931403.460872356,20480373.934291653,17512376.772279944
1,All Population,2,DALYs (Disability-Adjusted Life Years),4871,Telangana,3,Both,22,All ages,294,All causes,2,Percent,2021,1.0,1.0,1.0
1,All Population,2,DALYs (Disability-Adjusted Life Years),4871,Telangana,3,Both,22,All ages,294,All causes,3,Rate,2021,48809.86175609975,52803.49248866201,45151.25838622466
1,All Population,2,DALYs (Disability-Adjusted Life Years),4871,Telangana,3,Both,22,All ages,294,All causes,1,Number,2018,17776766.828406736,19229464.838584565,16418396.583272342
1,All Population,2,DALYs (Disability-Adjusted Life Years),4871,Telangana,3,Both,22,All ages,294,All causes,2,Percent,2018,1.0,1.0,1.0
1,All Population,2,DALYs (Disability-Adjusted Life Years),4871,Telangana,3,Both,22,All ages,294,All causes,3,Rate,2018,46361.68939438017,50150.31612171489,42819.06884952079
1,All Population,2,DALYs (Disability-Adjusted Life Years),4857,Kerala,3,Both,22,All ages,294,All causes,1,Number,2021,12445571.14245087,13794335.01720457,11227537.176842742
1,All Population,2,DALYs (Disability-Adjusted Life Years),4857,Kerala,3,Both,22,All ages,294,All causes,2,Percent,2021,1.0,1.0,1.0
1,All Population,2,DALYs (Disability-Adjusted Life Years),4857,Kerala,3,Both,22,All ages,294,All causes,3,Rate,2021,35324.29757100691,39152.497652746315,31867.148537004276
1,All Population,2,DALYs (Disability-Adjusted Life Years),4871,Telangana,3,Both,22,All ages,294,All causes,1,Number,2020,17963370.257675923,19331698.73814991,16691703.224322595
1,All Population,2,DALYs (Disability-Adjusted Life Years),4871,Telangana,3,Both,22,All ages,294,All causes,2,Percent,2020,1.0,1.0,1.0
1,All Population,2,DALYs (Disability-Adjusted Life Years),4871,Telangana,3,Both,22,All ages,294,All causes,3,Rate,2020,46432.18844005739,49969.07962149458,43145.15029083035
1,All Population,2,DALYs (Disability-Adjusted Life Years),4857,Kerala,3,Both,22,All ages,294,All causes,1,Number,2019,10611992.697834121,12006420.818149894,9519714.868713401
1,All Population,2,DALYs (Disability-Adjusted Life Years),4857,Kerala,3,Both,22,All ages,294,All causes,2,Percent,2019,1.0,1.0,1.0
1,All Population,2,DALYs (Disability-Adjusted Life Years),4857,Kerala,3,Both,22,All ages,294,All causes,3,Rate,2019,30194.945343034673,34162.59610162582,27087.021102148214
1,All Population,2,DALYs (Disability-Adjusted Life Years),4871,Telangana,3,Both,22,All ages,294,All causes,1,Number,2019,17568856.334199466,18965222.85202905,16340814.923385814
1,All Population,2,DALYs (Disability-Adjusted Life Years),4871,Telangana,3,Both,22,All ages,294,All causes,2,Percent,2019,1.0,1.0,1.0
1,All Population,2,DALYs (Disability-Adjusted Life Years),4871,Telangana,3,Both,22,All ages,294,All causes,3,Rate,2019,45589.587886419395,49213.03228571849,42402.9318650215
1,All Population,2,DALYs (Disability-Adjusted Life Years),4856,Karnataka,3,Both,22,All ages,294,All causes,1,Number,2023,24264304.576599203,27087335.544980563,21724401.484058566
1,All Population,2,DALYs (Disability-Adjusted Life Years),4856,Karnataka,3,Both,22,All ages,294,All causes,2,Percent,2023,1.0,1.0,1.0
1,All Population,2,DALYs (Disability-Adjusted Life Years),4856,Karnataka,3,Both,22,All ages,294,All causes,3,Rate,2023,35209.52271483021,39305.975291581715,31523.912218639744
1,All Population,2,DALYs (Disability-Adjusted Life Years),4871,Telangana,3,Both,22,All ages,294,All causes,1,Number,2022,18155997.356619824,19898379.33700243,16520164.419385327
1,All Population,2,DALYs (Disability-Adjusted Life Years),4871,Telangana,3,Both,22,All ages,294,All causes,2,Percent,2022,1.0,1.0,1.0
1,All Population,2,DALYs (Disability-Adjusted Life Years),4871,Telangana,3,Both,22,All ages,294,All causes,3,Rate,2022,46724.81385196924,51208.86791373737,42514.965834045084
1,All Population,2,DALYs (Disability-Adjusted Life Years),4857,Kerala,3,Both,22,All ages,294,All causes,1,Number,2022,11406352.034584511,12899825.240966605,10113784.48937708
1,All Population,2,DALYs (Disability-Adjusted Life Years),4857,Kerala,3,Both,22,All ages,294,All causes,2,Percent,2022,1.0,1.0,1.0
1,All Population,2,DALYs (Disability-Adjusted Life Years),4857,Kerala,3,Both,22,All ages,294,All causes,3,Rate,2022,32394.61137429528,36636.150121475715,28723.654772652324
1,All Population,2,DALYs (Disability-Adjusted Life Years),4870,Tamil Nadu,3,Both,22,All ages,294,All causes,1,Number,2012,28435836.287438255,31166235.81219189,25984898.103683297
1,All Population,2,DALYs (Disability-Adjusted Life Years),4870,Tamil Nadu,3,Both,22,All ages,294,All causes,2,Percent,2012,1.0,1.0,1.0
1,All Population,2,DALYs (Disability-Adjusted Life Years),4870,Tamil Nadu,3,Both,22,All ages,294,All causes,3,Rate,2012,38153.130513708136,41816.581392010965,34864.64047386556
1,All Population,2,DALYs (Disability-Adjusted Life Years),4870,Tamil Nadu,3,Both,22,All ages,294,All causes,1,Number,2018,27424365.9704715,30553257.05591079,24848482.035457935
1,All Population,2,DALYs (Disability-Adjusted Life Years),4870,Tamil Nadu,3,Both,22,All ages,294,All causes,2,Percent,2018,1.0,1.0,1.0
1,All Population,2,DALYs (Disability-Adjusted Life Years),4870,Tamil Nadu,3,Both,22,All ages,294,All causes,3,Rate,2018,34652.892866227055,38606.498491624756,31398.05626829184
1,All Population,2,DALYs (Disability-Adjusted Life Years),4841,Andhra Pradesh,3,Both,22,All ages,294,All causes,1,Number,2022,20512751.899769124,22760560.88182827,18423761.697856244
1,All Population,2,DALYs (Disability-Adjusted Life Years),4841,Andhra Pradesh,3,Both,22,All ages,294,All causes,2,Percent,2022,1.0,1.0,1.0
1,All Population,2,DALYs (Disability-Adjusted Life Years),4841,Andhra Pradesh,3,Both,22,All ages,294,All causes,3,Rate,2022,38711.21354382475,42953.22914150764,34768.917249678256
1,All Population,2,DALYs (Disability-Adjusted Life Years),4870,Tamil Nadu,3,Both,22,All ages,294,All causes,1,Number,2019,26862999.070533704,30254901.2965812,24248088.145648416
1,All Population,2,DALYs (Disability-Adjusted Life Years),4870,Tamil Nadu,3,Both,22,All ages,294,All causes,2,Percent,2019,1.0,1.0,1.0
1,All Population,2,DALYs (Disability-Adjusted Life Years),4870,Tamil Nadu,3,Both,22,All ages,294,All causes,3,Rate,2019,33670.27799502254,37921.712862108136,30392.72966388008
1,All Population,2,DALYs (Disability-Adjusted Life Years),4841,Andhra Pradesh,3,Both,22,All ages,294,All causes,1,Number,2023,20046325.136682507,22367593.40212758,17923650.880314056
1,All Population,2,DALYs (Disability-Adjusted Life Years),4841,Andhra Pradesh,3,Both,22,All ages,294,All causes,2,Percent,2023,1.0,1.0,1.0
1,All Population,2,DALYs (Disability-Adjusted Life Years),4841,Andhra Pradesh,3,Both,22,All ages,294,All causes,3,Rate,2023,37812.12721985946,42190.59012345761,33808.25975383434
1,All Population,2,DALYs (Disability-Adjusted Life Years),4841,Andhra Pradesh,3,Both,22,All ages,294,All causes,1,Number,2021,23031483.42999722,25149341.306467928,21239613.823344715
1,All Population,2,DALYs (Disability-Adjusted Life Years),4841,Andhra Pradesh,3,Both,22,All ages,294,All causes,2,Percent,2021,1.0,1.0,1.0
1,All Population,2,DALYs (Disability-Adjusted Life Years),4841,Andhra Pradesh,3,Both,22,All ages,294,All causes,3,Rate,2021,43485.644152947454,47484.36244057509,40102.422906248044
1,All Population,2,DALYs (Disability-Adjusted Life Years),4857,Kerala,3,Both,22,All ages,294,All causes,1,Number,2023,11267294.587469881,12745075.167407783,9755631.847047428
1,All Population,2,DALYs (Disability-Adjusted Life Years),4857,Kerala,3,Both,22,All ages,294,All causes,2,Percent,2023,1.0,1.0,1.0
1,All Population,2,DALYs (Disability-Adjusted Life Years),4857,Kerala,3,Both,22,All ages,294,All causes,3,Rate,2023,32005.80013420408,36203.573567437925,27711.781267058377
1,All Population,2,DALYs (Disability-Adjusted Life Years),4870,Tamil Nadu,3,Both,22,All ages,294,All causes,1,Number,2020,29018679.3586725,32221995.984385274,26155969.441931855
1,All Population,2,DALYs (Disability-Adjusted Life Years),4870,Tamil Nadu,3,Both,22,All ages,294,All causes,2,Percent,2020,1.0,1.0,1.0
1,All Population,2,DALYs (Disability-Adjusted Life Years),4870,Tamil Nadu,3,Both,22,All ages,294,All causes,3,Rate,2020,36121.02553113176,40108.35659439363,32557.664955251214
1,All Population,2,DALYs (Disability-Adjusted Life Years),4871,Telangana,3,Both,22,All ages,294,All causes,1,Number,2023,17889817.804764453,19579478.796178322,16331002.412900507
1,All Population,2,DALYs (Disability-Adjusted Life Years),4871,Telangana,3,Both,22,All ages,294,All causes,2,Percent,2023,1.0,1.0,1.0
1,All Population,2,DALYs (Disability-Adjusted Life Years),4871,Telangana,3,Both,22,All ages,294,All causes,3,Rate,2023,45960.91242254107,50301.83761796007,41956.14398441384
1,All Population,2,DALYs (Disability-Adjusted Life Years),4870,Tamil Nadu,3,Both,22,All ages,294,All causes,1,Number,2022,28660564.39304691,31876584.651905008,25377492.108928274
1,All Population,2,DALYs (Disability-Adjusted Life Years),4870,Tamil Nadu,3,Both,22,All ages,294,All causes,2,Percent,2022,1.0,1.0,1.0
1,All Population,2,DALYs (Disability-Adjusted Life Years),4870,Tamil Nadu,3,Both,22,All ages,294,All causes,3,Rate,2022,35290.21131156232,39250.14849077927,31247.71190126502
1,All Population,2,DALYs (Disability-Adjusted Life Years),4870,Tamil Nadu,3,Both,22,All ages,294,All causes,1,Number,2023,28878306.22001396,32418543.998681568,25801087.219974708
1,All Population,2,DALYs (Disability-Adjusted Life Years),4870,Tamil Nadu,3,Both,22,All ages,294,All causes,2,Percent,2023,1.0,1.0,1.0
1,All Population,2,DALYs (Disability-Adjusted Life Years),4870,Tamil Nadu,3,Both,22,All ages,294,All causes,3,Rate,2023,35379.65960787485,39716.90870364743,31609.668392641423
1,All Population,2,DALYs (Disability-Adjusted Life Years),4870,Tamil Nadu,3,Both,22,All ages,294,All causes,1,Number,2021,32816001.69376936,36229863.07922995,29816977.08172978
1,All Population,2,DALYs (Disability-Adjusted Life Years),4870,Tamil Nadu,3,Both,22,All ages,294,All causes,2,Percent,2021,1.0,1.0,1.0
1,All Population,2,DALYs (Disability-Adjusted Life Years),4870,Tamil Nadu,3,Both,22,All ages,294,All causes,3,Rate,2021,40622.47089533576,44848.44229994823,36910.020147866904
